-- phpMyAdmin SQL Dump
-- version 5.0.2
-- https://www.phpmyadmin.net/
--
-- Hôte : localhost
-- Généré le : mer. 15 juil. 2020 à 11:04
-- Version du serveur :  10.3.22-MariaDB-0ubuntu0.19.10.1
-- Version de PHP : 7.3.11-0ubuntu0.19.10.6

SET SQL_MODE = "NO_AUTO_VALUE_ON_ZERO";
START TRANSACTION;
SET time_zone = "+00:00";


/*!40101 SET @OLD_CHARACTER_SET_CLIENT=@@CHARACTER_SET_CLIENT */;
/*!40101 SET @OLD_CHARACTER_SET_RESULTS=@@CHARACTER_SET_RESULTS */;
/*!40101 SET @OLD_COLLATION_CONNECTION=@@COLLATION_CONNECTION */;
/*!40101 SET NAMES utf8mb4 */;

--
-- Base de données : `gestiongalis`
--

-- --------------------------------------------------------

--
-- Structure de la table `acces`
--

CREATE TABLE `acces` (
  `id` int(11) UNSIGNED NOT NULL,
  `utilisateur_id` int(10) UNSIGNED DEFAULT NULL,
  `date` datetime NOT NULL,
  `ip` varchar(16) DEFAULT NULL
) ENGINE=InnoDB DEFAULT CHARSET=utf8mb4;

--
-- Déchargement des données de la table `acces`
--

INSERT INTO `acces` (`id`, `utilisateur_id`, `date`, `ip`) VALUES
(8, 6, '2020-06-11 11:14:41', NULL),
(9, 6, '2020-06-11 13:59:25', NULL),
(10, 6, '2020-06-11 13:59:55', NULL),
(11, 6, '2020-06-15 08:08:49', NULL),
(12, 6, '2020-06-15 15:01:16', 'NULL'),
(13, 6, '2020-06-15 15:01:55', 'NULL'),
(14, 6, '2020-06-15 15:50:05', 'NULL'),
(15, 6, '2020-06-16 08:19:56', 'NULL'),
(16, 6, '2020-06-16 08:59:26', 'NULL'),
(17, 6, '2020-06-16 09:43:29', 'NULL'),
(18, 6, '2020-06-16 09:58:32', 'NULL'),
(19, 6, '2020-06-16 11:40:14', 'NULL'),
(20, 6, '2020-06-16 14:00:04', 'NULL'),
(21, 6, '2020-06-16 14:40:51', 'NULL'),
(22, 6, '2020-06-16 14:41:14', 'NULL'),
(23, 6, '2020-06-16 14:41:50', 'NULL'),
(24, 6, '2020-06-16 14:41:54', 'NULL'),
(25, 6, '2020-06-16 14:42:10', 'NULL'),
(26, 6, '2020-06-16 15:58:52', 'NULL'),
(27, 6, '2020-06-17 11:21:58', 'NULL'),
(28, 6, '2020-06-17 13:39:19', 'NULL'),
(29, 6, '2020-06-17 14:47:41', 'NULL'),
(30, 6, '2020-06-17 14:47:53', 'NULL'),
(31, 6, '2020-06-17 14:48:15', 'NULL'),
(32, 6, '2020-06-17 14:50:30', 'NULL'),
(33, 6, '2020-06-17 15:19:02', 'NULL'),
(34, 6, '2020-06-17 16:08:43', 'NULL'),
(35, 6, '2020-06-17 16:12:42', 'NULL'),
(36, 6, '2020-06-17 17:08:27', 'NULL'),
(37, 6, '2020-06-18 08:10:33', 'NULL'),
(38, 6, '2020-06-18 13:48:11', 'NULL'),
(39, 6, '2020-06-18 13:48:11', 'NULL'),
(40, 6, '2020-06-19 11:51:12', 'NULL'),
(41, 6, '2020-06-19 14:12:27', 'NULL'),
(42, 6, '2020-06-19 15:40:10', 'NULL'),
(43, 6, '2020-06-19 17:29:18', 'NULL'),
(44, 6, '2020-06-21 18:53:53', 'NULL'),
(45, 6, '2020-06-22 08:35:15', 'NULL'),
(46, 6, '2020-06-22 13:53:37', 'NULL'),
(47, 6, '2020-06-22 15:14:16', 'NULL'),
(48, 6, '2020-06-22 15:17:14', 'NULL'),
(49, 6, '2020-06-23 08:22:13', 'NULL'),
(50, 6, '2020-06-23 13:58:37', 'NULL'),
(51, 6, '2020-06-24 11:46:55', 'NULL'),
(52, 6, '2020-06-24 12:39:42', 'NULL'),
(53, 6, '2020-06-24 20:25:32', 'NULL'),
(54, 6, '2020-06-25 08:23:00', 'NULL'),
(55, 6, '2020-06-25 13:56:57', 'NULL'),
(56, 6, '2020-06-28 14:19:48', 'NULL'),
(57, 6, '2020-06-29 08:26:49', 'NULL'),
(58, 6, '2020-06-29 13:55:20', 'NULL'),
(59, 6, '2020-06-30 08:26:02', 'NULL'),
(60, 6, '2020-06-30 13:42:52', 'NULL'),
(61, 6, '2020-06-30 15:16:02', 'NULL'),
(62, 6, '2020-06-30 16:16:17', 'NULL'),
(63, 6, '2020-06-30 16:17:02', 'NULL'),
(64, 6, '2020-07-01 11:02:09', 'NULL'),
(65, 6, '2020-07-01 11:02:51', 'NULL'),
(66, 6, '2020-07-01 12:00:56', 'NULL'),
(67, 6, '2020-07-01 17:00:54', 'NULL'),
(68, 6, '2020-07-02 08:25:04', 'NULL'),
(69, 6, '2020-07-02 10:38:50', 'NULL'),
(70, 6, '2020-07-02 11:58:51', 'NULL'),
(71, 6, '2020-07-02 13:52:19', 'NULL'),
(72, 6, '2020-07-02 16:34:38', 'NULL'),
(73, 6, '2020-07-02 16:35:04', 'NULL'),
(74, 6, '2020-07-03 08:21:02', 'NULL'),
(75, 6, '2020-07-03 10:56:01', 'NULL'),
(76, 6, '2020-07-03 14:03:28', 'NULL'),
(77, 6, '2020-07-06 08:28:01', 'NULL'),
(78, 6, '2020-07-06 08:28:01', 'NULL'),
(79, 6, '2020-07-06 08:28:01', 'NULL'),
(80, 6, '2020-07-07 08:39:32', 'NULL'),
(81, 6, '2020-07-07 08:39:32', 'NULL'),
(82, 6, '2020-07-07 08:39:32', 'NULL'),
(83, 6, '2020-07-07 09:41:48', 'NULL'),
(84, 6, '2020-07-07 09:42:08', 'NULL'),
(85, 6, '2020-07-07 09:42:50', 'NULL'),
(86, 6, '2020-07-07 09:42:56', 'NULL'),
(87, 6, '2020-07-07 09:51:20', 'NULL'),
(88, 6, '2020-07-07 09:51:25', 'NULL'),
(89, 6, '2020-07-07 09:51:47', 'NULL'),
(90, 6, '2020-07-07 09:51:54', 'NULL'),
(91, 6, '2020-07-07 10:01:48', 'NULL'),
(92, 6, '2020-07-07 10:01:59', 'NULL'),
(93, 6, '2020-07-07 10:02:14', 'NULL'),
(94, 6, '2020-07-07 14:27:34', 'NULL'),
(95, 6, '2020-07-07 15:25:26', 'NULL'),
(96, 6, '2020-07-07 16:02:54', 'NULL'),
(97, 6, '2020-07-07 16:26:13', 'NULL'),
(98, 6, '2020-07-08 11:19:25', 'NULL'),
(99, 6, '2020-07-09 08:29:14', 'NULL'),
(100, 6, '2020-07-09 13:45:03', 'NULL'),
(101, 6, '2020-07-09 14:53:17', 'NULL'),
(102, 6, '2020-07-09 16:39:00', 'NULL'),
(103, 6, '2020-07-10 11:32:55', 'NULL'),
(104, 6, '2020-07-10 16:15:41', 'NULL'),
(105, 6, '2020-07-13 12:22:56', 'NULL'),
(106, 6, '2020-07-13 13:42:37', 'NULL'),
(107, 6, '2020-07-13 15:16:51', 'NULL'),
(108, 6, '2020-07-14 13:30:16', 'NULL'),
(109, 6, '2020-07-14 13:30:16', 'NULL'),
(110, 6, '2020-07-14 13:30:16', 'NULL'),
(111, 6, '2020-07-15 08:26:40', 'NULL');

-- --------------------------------------------------------

--
-- Structure de la table `commentaire`
--

CREATE TABLE `commentaire` (
  `id` int(10) UNSIGNED NOT NULL,
  `utilisateur_id` int(10) UNSIGNED NOT NULL,
  `evolution_id` int(10) UNSIGNED DEFAULT NULL,
  `dispositif_id` int(10) UNSIGNED DEFAULT NULL,
  `created_at` datetime NOT NULL,
  `updated_at` datetime DEFAULT NULL,
  `contenu` longtext NOT NULL
) ENGINE=InnoDB DEFAULT CHARSET=utf8mb4;

--
-- Déchargement des données de la table `commentaire`
--

INSERT INTO `commentaire` (`id`, `utilisateur_id`, `evolution_id`, `dispositif_id`, `created_at`, `updated_at`, `contenu`) VALUES
(4, 6, NULL, 1, '2020-07-13 12:23:48', '2020-07-13 12:23:51', 'fzefzfezf');

-- --------------------------------------------------------

--
-- Structure de la table `dispositif`
--

CREATE TABLE `dispositif` (
  `id` int(10) UNSIGNED NOT NULL,
  `structure_id` int(10) UNSIGNED NOT NULL,
  `srod_utilisateur_id` int(10) UNSIGNED NOT NULL,
  `created_at` datetime NOT NULL,
  `updated_at` datetime DEFAULT NULL,
  `libelle` varchar(128) NOT NULL,
  `plateforme` enum('AEL','AI') NOT NULL,
  `etat` tinyint(1) UNSIGNED NOT NULL,
  `criticite` enum('Haute','Normale','Faible') NOT NULL,
  `complexite` enum('Complexe','Moyen','Simple') NOT NULL,
  `version_prod` varchar(45) NOT NULL,
  `eligible_reversibilite` tinyint(1) UNSIGNED NOT NULL DEFAULT 0,
  `cedre` varchar(255) DEFAULT NULL,
  `referentiels` longtext DEFAULT NULL,
  `domaine_bindings` longtext DEFAULT NULL,
  `regles_metier` longtext DEFAULT NULL,
  `javascript_partages` longtext DEFAULT NULL,
  `styles_partages` longtext DEFAULT NULL,
  `formulaires_modeles` longtext DEFAULT NULL,
  `donnee_concernee` varchar(60) DEFAULT NULL
) ENGINE=InnoDB DEFAULT CHARSET=utf8mb4;

--
-- Déchargement des données de la table `dispositif`
--

INSERT INTO `dispositif` (`id`, `structure_id`, `srod_utilisateur_id`, `created_at`, `updated_at`, `libelle`, `plateforme`, `etat`, `criticite`, `complexite`, `version_prod`, `eligible_reversibilite`, `cedre`, `referentiels`, `domaine_bindings`, `regles_metier`, `javascript_partages`, `styles_partages`, `formulaires_modeles`, `donnee_concernee`) VALUES
(1, 580, 57, '2020-07-10 12:24:33', '2020-07-10 12:24:33', 'testDispo', 'AEL', 1, 'Haute', 'Complexe', 'v1.0', 1, 'http://www.oui.com', NULL, NULL, NULL, NULL, NULL, NULL, NULL);

-- --------------------------------------------------------

--
-- Structure de la table `evolution`
--

CREATE TABLE `evolution` (
  `id` int(10) UNSIGNED NOT NULL,
  `dispositif_id` int(10) UNSIGNED DEFAULT NULL,
  `srod_utilisateur_id` int(10) UNSIGNED DEFAULT NULL,
  `dsi_utilisateur_id` int(10) UNSIGNED DEFAULT NULL,
  `bowi_utilisateur_id` int(10) UNSIGNED DEFAULT NULL,
  `created_at` datetime NOT NULL,
  `updated_at` datetime DEFAULT NULL,
  `libelle` varchar(128) NOT NULL,
  `version` varchar(255) NOT NULL,
  `priorite` enum('Urgent','Moyenne','Faible') NOT NULL,
  `complexite` enum('Complexe','Moyen','Simple') NOT NULL,
  `ouverture_production` date DEFAULT NULL,
  `livraison_recette_direction` date DEFAULT NULL,
  `livraison_recette_srod` date DEFAULT NULL,
  `donnee_concernee` varchar(45) DEFAULT NULL
) ENGINE=InnoDB DEFAULT CHARSET=utf8mb4;

--
-- Déchargement des données de la table `evolution`
--

INSERT INTO `evolution` (`id`, `dispositif_id`, `srod_utilisateur_id`, `dsi_utilisateur_id`, `bowi_utilisateur_id`, `created_at`, `updated_at`, `libelle`, `version`, `priorite`, `complexite`, `ouverture_production`, `livraison_recette_direction`, `livraison_recette_srod`, `donnee_concernee`) VALUES
(4, 1, 14, 56, NULL, '2020-07-13 15:08:57', '2020-07-15 09:59:11', 'fezfez', 'fzefez', 'Urgent', 'Complexe', '2020-07-16', '2020-07-15', '2020-07-13', 'hrthrt'),
(7, 1, 57, 56, NULL, '2020-07-14 13:42:04', '2020-07-14 13:44:07', 'fze', 'fez', 'Urgent', 'Complexe', '2020-07-16', '2020-07-15', '2020-07-14', 'fze'),
(8, 1, 14, 56, NULL, '2020-07-15 10:07:16', '2020-07-15 10:42:38', 'dazdazfezhtr', 'dazdaz', 'Urgent', 'Complexe', '2020-07-18', '2020-07-17', '2020-07-15', 'htrhr'),
(9, 1, 14, 56, NULL, '2020-07-15 10:26:40', '2020-07-15 10:27:10', 'test', 'v1.0', 'Urgent', 'Complexe', '2020-07-18', '2020-07-17', '2020-07-15', 'testd'),
(10, 1, 14, NULL, NULL, '2020-07-15 10:37:01', '2020-07-15 10:37:13', 'fezfzegf', 'fezfze', 'Urgent', 'Complexe', '2020-07-18', '2020-07-17', '2020-07-15', 'k'),
(11, 1, 14, NULL, NULL, '2020-07-15 10:43:01', '2020-07-15 10:43:01', 'fezfze', 'v1.0', 'Urgent', 'Complexe', '2020-07-18', '2020-07-17', '2020-07-15', 'htr'),
(12, 1, 14, NULL, NULL, '2020-07-15 10:47:19', '2020-07-15 10:47:19', 'fze', 'ffze', 'Urgent', 'Complexe', '2020-07-18', '2020-07-17', '2020-07-15', 'htr'),
(13, 1, 14, 56, NULL, '2020-07-15 10:48:39', '2020-07-15 10:48:48', 'gre', 'hj', 'Urgent', 'Complexe', '2020-07-17', '2020-07-16', '2020-07-15', 'gregedggre');

-- --------------------------------------------------------

--
-- Structure de la table `evolution_statut`
--

CREATE TABLE `evolution_statut` (
  `id` int(10) UNSIGNED NOT NULL,
  `evolution_id` int(10) UNSIGNED DEFAULT NULL,
  `statut_id` int(10) UNSIGNED DEFAULT NULL,
  `utilisateur_id` int(10) UNSIGNED DEFAULT NULL,
  `created_at` datetime NOT NULL
) ENGINE=InnoDB DEFAULT CHARSET=utf8mb4;

--
-- Déchargement des données de la table `evolution_statut`
--

INSERT INTO `evolution_statut` (`id`, `evolution_id`, `statut_id`, `utilisateur_id`, `created_at`) VALUES
(35, 4, 4, NULL, '2020-07-13 15:08:57'),
(36, 4, 5, 6, '2020-07-13 15:09:53'),
(41, 4, 5, 6, '2020-07-13 15:23:53'),
(42, 4, 9, 6, '2020-07-13 15:24:09'),
(43, 4, 9, 6, '2020-07-13 15:26:05'),
(44, 4, 6, 6, '2020-07-13 15:33:46'),
(47, 7, 1, NULL, '2020-07-14 13:42:04'),
(50, 7, 2, 6, '2020-07-17 13:49:52'),
(51, 7, 3, 6, '2020-07-18 13:50:12'),
(52, 7, 1, 6, '2020-07-20 13:51:12'),
(57, 8, 1, NULL, '2020-07-15 10:07:16'),
(58, 9, NULL, NULL, '2020-07-15 10:26:40'),
(59, 9, NULL, 6, '2020-07-15 10:26:58'),
(60, 8, 4, 6, '2020-07-15 10:30:18'),
(61, 10, 1, NULL, '2020-07-15 10:37:01'),
(62, 10, 4, 6, '2020-07-15 10:37:49'),
(63, 11, 2, NULL, '2020-07-15 10:43:01'),
(64, 12, 4, NULL, '2020-07-15 10:47:19'),
(65, 13, 2, NULL, '2020-07-15 10:48:39'),
(66, 13, 4, 6, '2020-07-15 10:48:52'),
(67, 8, 5, 6, '2020-07-15 10:55:23');

-- --------------------------------------------------------

--
-- Structure de la table `mail_reporting`
--

CREATE TABLE `mail_reporting` (
  `id` int(11) NOT NULL,
  `vue_source` enum('par dispositif','par statut','par priorite') NOT NULL,
  `delai_statut` int(11) NOT NULL,
  `destinataires` int(11) UNSIGNED NOT NULL,
  `copie_a` int(11) UNSIGNED NOT NULL,
  `objet` text NOT NULL,
  `date_etat_lieux` datetime NOT NULL,
  `nombre_commentaires` int(11) NOT NULL
) ENGINE=InnoDB DEFAULT CHARSET=utf8mb4;

--
-- Déchargement des données de la table `mail_reporting`
--

INSERT INTO `mail_reporting` (`id`, `vue_source`, `delai_statut`, `destinataires`, `copie_a`, `objet`, `date_etat_lieux`, `nombre_commentaires`) VALUES
(1, 'par dispositif', 45, 35, 34, 'gre', '2015-01-01 00:00:00', 78);

-- --------------------------------------------------------

--
-- Structure de la table `migration_versions`
--

CREATE TABLE `migration_versions` (
  `version` varchar(14) COLLATE utf8mb4_unicode_ci NOT NULL,
  `executed_at` datetime NOT NULL COMMENT '(DC2Type:datetime_immutable)'
) ENGINE=InnoDB DEFAULT CHARSET=utf8mb4 COLLATE=utf8mb4_unicode_ci;

-- --------------------------------------------------------

--
-- Structure de la table `statut`
--

CREATE TABLE `statut` (
  `id` int(10) UNSIGNED NOT NULL,
  `libelle` varchar(64) DEFAULT NULL
) ENGINE=InnoDB DEFAULT CHARSET=utf8mb4;

--
-- Déchargement des données de la table `statut`
--

INSERT INTO `statut` (`id`, `libelle`) VALUES
(1, 'SROD - En spécification'),
(2, 'DSI - À prendre en charge'),
(3, 'DSI - En développement'),
(4, 'SROD - En recette'),
(5, 'Direction - En recette'),
(6, 'Direction - Recette validée'),
(7, 'DSI - À livrer en production'),
(8, 'DSI - Livré en production'),
(9, 'SROD - Ouvert en production');

-- --------------------------------------------------------

--
-- Structure de la table `structure`
--

CREATE TABLE `structure` (
  `id` int(10) UNSIGNED NOT NULL,
  `structure_type_id` int(10) UNSIGNED NOT NULL,
  `pere_structure_id` int(10) UNSIGNED DEFAULT NULL,
  `type` enum('Lycée','Port','Siège') DEFAULT NULL,
  `departement` varchar(2) DEFAULT NULL,
  `ville` varchar(128) DEFAULT NULL,
  `code` varchar(16) NOT NULL,
  `libelle` varchar(128) NOT NULL,
  `actif` tinyint(1) UNSIGNED NOT NULL DEFAULT 1
) ENGINE=InnoDB DEFAULT CHARSET=utf8;

--
-- Déchargement des données de la table `structure`
--

INSERT INTO `structure` (`id`, `structure_type_id`, `pere_structure_id`, `type`, `departement`, `ville`, `code`, `libelle`, `actif`) VALUES
(1, 5, 369, 'Siège', '59', 'LILLE', '41A', 'Direction des moyens institutionnels', 1),
(2, 5, 363, 'Siège', '59', 'LILLE', '31B', 'Direction fonctionnement des établissements', 1),
(3, 5, 369, 'Siège', '59', 'LILLE', '41B', 'Direction du patrimoine immobilier', 1),
(4, 5, 364, 'Port', '59', 'LILLE', '32B', 'Direction de la mer, des ports et du littoral', 1),
(7, 5, 354, 'Lycée', '02', 'CHAUNY', '0020014E', 'LYCÉE GÉNÉRAL ET TECHNOLOGIQUE GAY LUSSAC', 1),
(9, 5, 354, 'Lycée', '02', 'CHAUNY', '0022008X', 'LYCÉE PROFESSIONNEL JEAN MACÉ', 1),
(11, 5, 354, 'Lycée', '02', 'CHÂTEAU-THIERRY', '0020012C', 'LYCÉE POLYVALENT JEAN DE LA FONTAINE', 1),
(12, 5, 354, 'Lycée', '02', 'CHÂTEAU-THIERRY', '0021960V', 'section professionnelle Jean de la Fontaine', 1),
(13, 5, 354, 'Lycée', '02', 'CHÂTEAU-THIERRY', '0021939X', 'LYCÉE POLYVALENT JULES VERNE', 1),
(14, 5, 354, 'Lycée', '02', 'CHÂTEAU-THIERRY', '0020013D', 'L.P. Jules Verne', 1),
(15, 5, 354, 'Lycée', '02', 'COUCY-LA-VILLE', '0021523V', 'EPLEFPA AUMONT-CREZANCY-VERDILLY', 1),
(16, 5, 354, 'Lycée', '02', 'CREZANCY', '0020060E', 'EPLEFPA AUMONT-CREZANCY-VERDILLY', 1),
(17, 5, 354, 'Lycée', '02', 'LA FERTE MILON', '0020025S', 'LYCÉE PROFESSIONNEL CHÂTEAU POTEL', 1),
(18, 5, 354, 'Lycée', '02', 'LA FERE', '0020022N', 'LYCÉE PROFESSIONNEL JEAN MONNET', 1),
(19, 5, 354, 'Lycée', '02', 'FONTAINE-les-VERVINS', '0021522U', 'EPLEFPA DE VERVINS  LGTA DE LA THIÉRACHE', 1),
(20, 5, 354, 'Lycée', '02', 'GUISE', '0021479X', 'LYCÉE PROFESSIONNEL FRANÇOISE DOLTO', 1),
(21, 5, 354, 'Lycée', '02', 'HIRSON', '0020031Y', 'LYCÉE GÉNÉRAL ET TECHNOLOGIQUE FRÉDÉRIC ET IRÈNE JOLIOT CURIE', 1),
(22, 5, 354, 'Lycée', '02', 'HIRSON', '0020089L', 'LYCÉE PROFESSIONNEL FRÉDÉRIC ET IRÈNE JOLIOT CURIE', 1),
(23, 5, 354, 'Lycée', '02', 'LAON', '0020032Z', 'LYCÉE GÉNÉRAL ET TECHNOLOGIQUE PAUL CLAUDEL', 1),
(24, 5, 354, 'Lycée', '02', 'LAON', '0020078Z', 'LYCÉE PROFESSIONNEL JULIE DAUBIÉ', 1),
(25, 5, 354, 'Lycée', '02', 'LAON', '0020034B', 'LYCÉE POLYVALENT PIERRE MÉCHAIN', 1),
(26, 5, 354, 'Lycée', '02', 'LAON', '0021961W', 'section professionnelle Pierre Méchain', 1),
(27, 5, 354, 'Lycée', '02', 'SOISSONS', '0020088K', 'LYCÉE PROFESSIONNEL CAMILLE CLAUDEL', 1),
(28, 5, 354, 'Lycée', '02', 'SOISSONS', '0020061F', 'section professionnelle  Le Corbusier', 1),
(30, 5, 354, 'Lycée', '02', 'SOISSONS', '0022044L', 'LYCÉE DES MÉTIERS LE CORBUSIER', 1),
(31, 5, 354, 'Lycée', '02', 'SOISSONS', '0020059D', 'LYCÉE GÉNÉRAL ET TECHNOLOGIQUE GÉRARD DE NERVAL', 1),
(32, 5, 354, 'Lycée', '02', 'SOISSONS', '0021476U', 'LYCÉE POLYVALENT LÉONARD DE VINCI', 1),
(33, 5, 354, 'Lycée', '02', 'SOISSONS', '0021477V', 'L.P. Léonard de Vinci', 1),
(34, 5, 354, 'Lycée', '02', 'SAINT-QUENTIN', '0020051V', 'LYCÉE DES MÉTIERS D\'ART (de l\'ameublement)', 1),
(35, 5, 354, 'Lycée', '02', 'SAINT-QUENTIN', '0022042J', 'LYCÉE POLYVALENT JEAN BOUIN', 1),
(37, 5, 354, 'Lycée', '02', 'SAINT-QUENTIN', '0022043K', 'section professionnelle Jean Bouin', 1),
(38, 5, 354, 'Lycée', '02', 'SAINT-QUENTIN', '0020050U', 'LYCÉE GÉNÉRAL ET TECHNOLOGIQUE CONDORCET', 1),
(39, 5, 354, 'Lycée', '02', 'SAINT-QUENTIN', '0020079A', 'LYCÉE PROFESSIONNEL CONDORCET', 1),
(40, 5, 354, 'Lycée', '02', 'SAINT-QUENTIN', '0021478W', 'ÉTABLISSEMENT RÉGIONAL D\'ENSEIGNEMENT ADAPTÉ DE SAINT QUENTIN', 1),
(41, 5, 354, 'Lycée', '02', 'SAINT-QUENTIN', '0020048S', 'LYCÉE GÉNÉRAL ET TECHNOLOGIQUE HENRI MARTIN', 1),
(42, 5, 354, 'Lycée', '02', 'SAINT-QUENTIN', '0020052W', 'LYCÉE PROFESSIONNEL COLARD NOËL', 1),
(43, 5, 354, 'Lycée', '02', 'SAINT-QUENTIN', '0020049T', 'LYCÉE PIERRE DE LA RAMÉE', 1),
(44, 5, 354, 'Lycée', '02', 'VILLERS-COTTERÊTS', '0021946E', 'LYCÉE GÉNÉRAL ET TECHNOLOGIQUE EUROPÉEN', 1),
(45, 5, 354, 'Lycée', '59', 'ANICHE', '0592610S', 'LYCÉE PROFESSIONNEL PIERRE JOSEPH LAURENT', 1),
(46, 5, 354, 'Lycée', '59', 'ANZIN', '0590005K', 'LYCÉE PROFESSIONNEL PIERRE JOSEPH FONTAINE', 1),
(47, 5, 354, 'Lycée', '59', 'ARMENTIÈRES', '0590011S', 'LYCÉE POLYVALENT GUSTAVE EIFFEL', 1),
(48, 5, 354, 'Lycée', '59', 'ARMENTIÈRES', '0590257J', 'LYCÉE PROFESSIONNEL ILE DE FLANDRE', 1),
(49, 5, 354, 'Lycée', '59', 'ARMENTIÈRES', '0590010R', 'LYCÉE GÉNÉRAL ET TECHNOLOGIQUE PAUL HAZARD', 1),
(50, 5, 354, 'Lycée', '59', 'AUBY', '0594532F', 'LYCÉE PROFESSIONNEL AMBROISE CROIZAT', 1),
(51, 5, 354, 'Lycée', '59', 'AULNOYE-AYMERIES', '0590015W', 'LYCÉE PROFESSIONNEL PIERRE ET MARIE CURIE', 1),
(52, 5, 354, 'Lycée', '59', 'AVESNES-SUR-HELPE', '0590018Z', 'LYCÉE POLYVALENT JESSE DE FOREST', 1),
(53, 5, 354, 'Lycée', '59', 'BAVAY', '0590024F', 'LYCÉE DES NERVIENS', 1),
(54, 5, 354, 'Lycée', '59', 'CAMBRAI', '0590037V', 'LYCÉE PROFESSIONNEL LOUISE DE BETTIGNIES', 1),
(55, 5, 354, 'Lycée', '59', 'CAMBRAI', '0592611T', 'LYCÉE PROFESSIONNEL LOUIS BLÉRIOT', 1),
(56, 5, 354, 'Lycée', '59', 'CAMBRAI', '0590034S', 'LYCÉE GÉNÉRAL ET TECHNOLOGIQUE PAUL DUEZ', 1),
(57, 5, 354, 'Lycée', '59', 'CAMBRAI', '0590035T', 'LYCÉE GÉNÉRAL ET TECHNOLOGIQUE FÉNELON', 1),
(58, 5, 354, 'Lycée', '59', 'CAUDRY', '0590044C', 'LYCÉE POLYVALENT JOSEPH MARIE JACQUARD', 1),
(59, 5, 354, 'Lycée', '59', 'CONDÉ-SUR-L\'ESCAUT', '0596854E', 'LYCÉE POLYVALENT DU PAYS DE CONDÉ', 1),
(60, 5, 354, 'Lycée', '59', 'COUDEKERQUE-BRANCHE', '0590263R', 'LYCÉE PROFESSIONNEL FERNAND LÉGER', 1),
(61, 5, 354, 'Lycée', '59', 'DENAIN', '0594653M', 'LYCÉE PROFESSIONNEL ANDRÉ JURÉNIL', 1),
(62, 5, 354, 'Lycée', '59', 'DENAIN', '0590060V', 'LYCÉE GÉNÉRAL ET TECHNOLOGIQUE ALFRED KASTLER', 1),
(63, 5, 354, 'Lycée', '59', 'DENAIN', '0590264S', 'LYCÉE PROFESSIONNEL ALFRED KASTLER', 1),
(64, 5, 354, 'Lycée', '59', 'DENAIN', '0590282L', 'LYCÉE GÉNÉRAL ET TECHNOLOGIQUE JULES MOUSSERON', 1),
(65, 5, 354, 'Lycée', '59', 'DOUAI', '0590063Y', 'LYCÉE ALBERT CHATELET', 1),
(66, 5, 354, 'Lycée', '59', 'DOUAI', '0590064Z', 'LYCÉE GÉNÉRAL ET TECHNOLOGIQUE JEAN BAPTISTE COROT', 1),
(67, 5, 354, 'Lycée', '59', 'DOUAI', '0590382V', 'ÉCOLE RÉGIONALE DU PREMIER DEGRÉ BATELIERS ET FORAINS', 1),
(68, 5, 354, 'Lycée', '59', 'DOUAI', '0590065A', 'LYCÉE GÉNÉRAL ET TECHNOLOGIQUE EDMOND LABBÉ', 1),
(69, 5, 354, 'Lycée', '59', 'DOUAI', '0590265T', 'LYCÉE PROFESSIONNEL EDMOND LABBÉ', 1),
(70, 5, 354, 'Lycée', '59', 'DOUAI', '0596892W', 'LYCÉE D\'EXCELLENCE EDGAR MORIN', 1),
(71, 5, 354, 'Lycée', '59', 'DOUAI', '0593255T', 'EPLEFPA DE DOUAI LYCÉE DE LA NATURE ET DES BIOTECHNOLOGIES (DOUAI BIOTECH)', 1),
(72, 5, 354, 'Lycée', '59', 'DOUAI', '0595894L', 'LYCÉE PROFESSIONNEL FRANÇOIS RABELAIS', 1),
(73, 5, 354, 'Lycée', '59', 'DUNKERQUE', '0590073J', 'LYCÉE GÉNÉRAL ET TECHNOLOGIQUE AUGUSTE ANGELLIER', 1),
(74, 5, 354, 'Lycée', '59', 'DUNKERQUE', '0590071G', 'LYCÉE GÉNÉRAL ET TECHNOLOGIQUE JEAN BART', 1),
(75, 5, 354, 'Lycée', '59', 'DUNKERQUE', '0590255G', 'LYCÉE PROFESSIONNEL GUY DEBEYRE', 1),
(76, 5, 354, 'Lycée', '59', 'DUNKERQUE', '0590072H', 'LYCÉE GÉNÉRAL ET TECHNOLOGIQUE DE L\'EUROPE', 1),
(77, 5, 354, 'Lycée', '59', 'DUNKERQUE', '0595770B', 'EPLEFPA DES FLANDRES (DUNKERQUE)', 1),
(78, 5, 354, 'Lycée', '59', 'SAINT-POL-SUR-MER', '0590198V', 'LYCÉE PROFESSIONNEL GEORGES GUYNEMER', 1),
(79, 5, 354, 'Lycée', '59', 'DUNKERQUE', '0595480L', 'LYCÉE PROFESSIONNEL ÎLE JEANTY', 1),
(80, 5, 354, 'Lycée', '59', 'ESTAIRES', '0597005U', 'LYCÉE POLYVALENT DU VAL DE LYS', 1),
(81, 5, 354, 'Lycée', '59', 'FOURMIES', '0590083V', 'LYCÉE POLYVALENT CAMILLE CLAUDEL', 1),
(82, 5, 354, 'Lycée', '59', 'GENECH', '0596925G', 'LYCÉE POLYVALENT CHARLOTTE PERRIAND', 1),
(83, 5, 354, 'Lycée', '59', 'GONDECOURT', '0590086Y', 'LYCÉE MARGUERITE DE FLANDRE', 1),
(84, 5, 354, 'Lycée', '59', 'GRANDE-SYNTHE', '0595616J', 'LYCÉE GÉNÉRAL ET TECHNOLOGIQUE DU NOORDOVER', 1),
(85, 5, 354, 'Lycée', '59', 'GRANDE-SYNTHE', '0594652L', 'LYCÉE PROFESSIONNEL DES PLAINES DU NORD', 1),
(86, 5, 354, 'Lycée', '59', 'GRANDE-SYNTHE', '0594400M', 'LYCÉE PROFESSIONNEL DE L\'AUTOMOBILE ET TRANSPORTS', 1),
(87, 5, 354, 'Lycée', '59', 'HALLUIN', '0592850C', 'LYCÉE PROFESSIONNEL ANTOINE DE SAINT EXUPÉRY', 1),
(88, 5, 354, 'Lycée', '59', 'HAUBOURDIN', '0590093F', 'LYCÉE POLYVALENT BEAUPRÉ', 1),
(89, 5, 354, 'Lycée', '59', 'HAUTMONT', '0590098L', 'LYCÉE PROFESSIONNEL PLACIDE COURTOY', 1),
(90, 5, 354, 'Lycée', '59', 'HAZEBROUCK', '0590101P', 'LYCÉE GÉNÉRAL ET TECHNOLOGIQUE DES FLANDRES', 1),
(91, 5, 354, 'Lycée', '59', 'HAZEBROUCK', '0590102R', 'LYCÉE PROFESSIONNEL DES MONTS DE FLANDRE', 1),
(92, 5, 354, 'Lycée', '59', 'JEUMONT', '0592712C', 'LYCÉE PROFESSIONNEL LOUIS ARMAND', 1),
(93, 5, 354, 'Lycée', '59', 'LA BASSÉE', '0590252D', 'LYCÉE PROFESSIONNEL LOUIS LÉOPOLD BOILLY', 1),
(94, 5, 354, 'Lycée', '59', 'LA MADELEINE', '0590122M', 'LYCÉE POLYVALENT VALENTINE LABBÉ', 1),
(95, 5, 354, 'Lycée', '59', 'LAMBERSART', '0590110Z', 'LYCÉE GÉNÉRAL ET TECHNOLOGIQUE JEAN PERRIN', 1),
(96, 5, 354, 'Lycée', '59', 'LANDRECIES', '0590112B', 'LYCÉE POLYVALENT DUPLEIX', 1),
(97, 5, 354, 'Lycée', '59', 'LE CATEAU CAMBRESIS', '0590042A', 'LYCÉE POLYVALENT CAMILLE DESMOULINS', 1),
(98, 5, 354, 'Lycée', '59', 'LE QUESNOY', '0595540B', 'EPLEFPA du Nord LYCÉE GÉNÉRAL ET TECHNOLOGIQUE DES TROIS CHÊNES', 1),
(99, 5, 354, 'Lycée', '59', 'LE QUESNOY', '0590168M', 'LYCÉE POLYVALENT EUGÈNE THOMAS', 1),
(100, 5, 354, 'Lycée', '59', 'LILLE', '0590121L', 'LYCÉE CESAR BAGGIO', 1),
(101, 5, 354, 'Lycée', '59', 'LILLE', '0590266U', 'LYCÉE PROFESSIONNEL CÉSAR BAGGIO', 1),
(102, 5, 354, 'Lycée', '59', 'LILLE', '0590258K', 'LYCÉE GÉNÉRAL ET TECHNOLOGIQUE GASTON BERGER', 1),
(103, 5, 354, 'Lycée', '59', 'LILLE', '0596957S', 'LYCÉE PROFESSIONNEL AIME CESAIRE', 1),
(104, 5, 354, 'Lycée', '59', 'LILLE', '0591613H', 'ÉCOLE RÉGIONALE DU PREMIER DEGRÉ ERNEST COUTEAUX', 1),
(105, 5, 354, 'Lycée', '59', 'LILLE', '0590119J', 'LYCÉE GÉNÉRAL ET TECHNOLOGIQUE FAIDHERBE', 1),
(106, 5, 354, 'Lycée', '59', 'LILLE', '0590116F', 'LYCÉE FÉNELON', 1),
(107, 5, 354, 'Lycée', '59', 'LILLE', '0595867G', 'LYCÉE INTERNATIONAL MONTEBELLO', 1),
(108, 5, 354, 'Lycée', '59', 'LILLE', '0590117G', 'LYCÉE GÉNÉRAL ET TECHNOLOGIQUE LOUIS PASTEUR', 1),
(109, 5, 354, 'Lycée', '59', 'LILLE', '0590125R', 'LYCÉE PROFESSIONNEL HÔTELIER INTERNATIONAL DE LILLE', 1),
(110, 5, 354, 'Lycée', '59', 'LOMME', '0590111A', 'LYCÉE PROFESSIONNEL SONIA DELAUNAY', 1),
(111, 5, 354, 'Lycée', '59', 'LOMME', '0593395V', 'EPLEFPA des FLANDRES (LOMME)', 1),
(112, 5, 354, 'Lycée', '59', 'LOMME', '0595483P', 'ÉTABLISSEMENT RÉGIONAL D\'ENSEIGNEMENT ADAPTÉ NELSON MANDELA', 1),
(113, 5, 354, 'Lycée', '59', 'LOMME', '0595786U', 'LYCÉE GÉNÉRAL ET TECHNOLOGIQUE JEAN PROUVÉ', 1),
(114, 5, 354, 'Lycée', '59', 'LOOS', '0590133Z', 'LYCÉE PROFESSIONNEL MAURICE DUHAMEL', 1),
(115, 5, 354, 'Lycée', '59', 'LOOS', '0594541R', 'ÉTABLISSEMENT RÉGIONAL D\'ENSEIGNEMENT ADAPTÉ IGNACE PLEYEL', 1),
(116, 5, 354, 'Lycée', '59', 'LYS-LEZ-LANNOY', '0594380R', 'ÉTABLISSEMENT RÉGIONAL D\'ENSEIGNEMENT ADAPTÉ COLETTE MAGNY', 1),
(117, 5, 354, 'Lycée', '59', 'MARCQ-EN-BAROEUL', '0590143K', 'LYCÉE YVES KERNANEC', 1),
(118, 5, 354, 'Lycée', '59', 'MARLY', '0594302F', 'LYCÉE PROFESSIONNEL FRANÇOIS MANSART', 1),
(119, 5, 354, 'Lycée', '59', 'MARCQ-EN-BAROEUL', '0590144L', 'LYCÉE PROFESSIONNEL AUTOMOBILE ALFRED MONGY', 1),
(120, 5, 354, 'Lycée', '59', 'MAUBEUGE', '0590149S', 'LYCÉE POLYVALENT PIERRE FOREST', 1),
(121, 5, 354, 'Lycée', '59', 'MAUBEUGE', '0595884A', 'LYCÉE POLYVALENT ANDRÉ LURÇAT', 1),
(122, 5, 354, 'Lycée', '59', 'MONTIGNY-EN-OSTREVENT', '0594404S', 'LYCÉE PROFESSIONNEL RENÉ CASSIN', 1),
(123, 5, 354, 'Lycée', '59', 'RAISMES', '0595771C', 'LYCÉE PROFESSIONNEL AGRICOLE HORTICOLE DE RAISMES', 1),
(124, 5, 354, 'Lycée', '59', 'ROUBAIX', '0590182C', 'LYCÉE BAUDELAIRE', 1),
(125, 5, 354, 'Lycée', '59', 'ROUBAIX', '0594391C', 'ECOLE SUPERIEUR ARTS APPLIQUES TEXTILE (ESAAT)', 1),
(126, 5, 354, 'Lycée', '59', 'ROUBAIX', '0590189K', 'LYCÉE PROFESSIONNEL LAVOISIER', 1),
(127, 5, 354, 'Lycée', '59', 'ROUBAIX', '0590187H', 'LYCÉE PROFESSIONNEL LOUIS LOUCHEUR', 1),
(128, 5, 354, 'Lycée', '59', 'ROUBAIX', '0590181B', 'LYCÉE GÉNÉRAL MAXENCE VAN DER MEERSCH', 1),
(129, 5, 354, 'Lycée', '59', 'ROUBAIX', '0590185F', 'LYCÉE POLYVALENT JEAN MOULIN', 1),
(130, 5, 354, 'Lycée', '59', 'ROUBAIX', '0590184E', 'LYCÉE GÉNÉRAL ET TECHNOLOGIQUE JEAN ROSTAND', 1),
(131, 5, 354, 'Lycée', '59', 'ROUBAIX', '0590186G', 'LYCÉE PROFESSIONNEL TURGOT', 1),
(132, 5, 354, 'Lycée', '59', 'SAINT-AMAND-LES-EAUX', '0590192N', 'LYCÉE POLYVALENT ERNEST COUTEAUX', 1),
(133, 5, 354, 'Lycée', '59', 'SAINT-ANDRÉ-LEZ-LILLE', '0592832H', 'LYCÉE PROFESSIONNEL VERTES FEUILLES', 1),
(134, 5, 354, 'Lycée', '59', 'SAINS-DU-NORD', '0593462T', 'LYCÉE GÉNÉRAL ET TECHNOLOGIQUE AGRICOLE DE SAINS DU NORD - EPLEFPA NORD', 1),
(135, 5, 354, 'Lycée', '59', 'SECLIN', '0592833J', 'LYCÉE PROFESSIONNEL LES HAUTS DE FLANDRE', 1),
(136, 5, 354, 'Lycée', '59', 'SIN-LE-NOBLE', '0595885B', 'LYCÉE GÉNÉRAL ET TECHNOLOGIQUE ARTHUR RIMBAUD', 1),
(137, 5, 354, 'Lycée', '59', 'SOMAIN', '0590207E', 'LYCÉE GÉNÉRAL ET TECHNOLOGIQUE LOUIS PASTEUR', 1),
(138, 5, 354, 'Lycée', '59', 'TOURCOING', '0590214M', 'LYCÉE POLYVALENT COLBERT', 1),
(139, 5, 354, 'Lycée', '59', 'TOURCOING', '0590216P', 'LYCÉE PROFESSIONNEL LE CORBUSIER', 1),
(140, 5, 354, 'Lycée', '59', 'TOURCOING', '0590212K', 'LYCÉE GÉNÉRAL GAMBETTA', 1),
(141, 5, 354, 'Lycée', '59', 'TOURCOING', '0590215N', 'LYCÉE GÉNÉRAL ET TECHNOLOGIQUE SEVIGNÉ', 1),
(142, 5, 354, 'Lycée', '59', 'TOURCOING', '0590217R', 'LYCÉE PROFESSIONNEL SEVIGNÉ', 1),
(143, 5, 354, 'Lycée', '59', 'TRITH-SAINT-LÉGER', '0595678B', 'LYCÉE PROFESSIONNEL LÉONARD DE VINCI', 1),
(144, 5, 354, 'Lycée', '59', 'VALENCIENNES', '0590223X', 'LYCÉE TECHNOLOGIQUE DU HAINAUT', 1),
(145, 5, 354, 'Lycée', '59', 'VALENCIENNES', '0590270Y', 'LYCÉE PROFESSIONNEL DU HAINAUT', 1),
(146, 5, 354, 'Lycée', '59', 'VALENCIENNES', '0595809U', 'LYCÉE GÉNÉRAL ET TECHNOLOGIQUE DE L\'ESCAUT', 1),
(147, 5, 354, 'Lycée', '59', 'VALENCIENNES', '0590221V', 'LYCÉE GÉNÉRAL ET TECHNOLOGIQUE HENRI WALLON', 1),
(148, 5, 354, 'Lycée', '59', 'VALENCIENNES', '0590222W', 'LYCÉE GÉNÉRAL ET TECHNOLOGIQUE WATTEAU', 1),
(149, 5, 354, 'Lycée', '59', 'VILLENEUVE-D\'ASCQ', '0594375K', 'LYCÉE PROFESSIONNEL DINAH DERYCKE', 1),
(150, 5, 354, 'Lycée', '59', 'VILLENEUVE-D\'ASCQ', '0594424N', 'LYCÉE RAYMOND QUENEAU', 1),
(151, 5, 354, 'Lycée', '59', 'WASQUEHAL', '0590249A', 'LYCÉE PROFESSIONNEL JACQUES YVES COUSTEAU', 1),
(152, 5, 354, 'Lycée', '59', 'WATTRELOS', '0595787V', 'LYCÉE PROFESSIONNEL ALAIN SAVARY', 1),
(153, 5, 354, 'Lycée', '59', 'WATTRELOS', '0590233H', 'LYCÉE POLYVALENT ÉMILE ZOLA', 1),
(154, 5, 354, 'Lycée', '59', 'WAZIERS', '0593495D', 'LYCÉE PROFESSIONNEL PAUL LANGEVIN', 1),
(155, 5, 354, 'Lycée', '59', 'WORMHOUT', '0595856V', 'LYCÉE PROFESSIONNEL DE L\'YSER', 1),
(156, 5, 354, 'Lycée', '60', 'AIRION', '0601782L', 'LYCÉE GÉNÉRAL ET TECHNOLOGIQUE AGRICOLE D\'AIRION - EPLEFPA OISE', 1),
(157, 5, 354, 'Lycée', '60', 'BEAUVAIS', '0600003C', 'LYCÉE PROFESSIONNEL JEAN BAPTISTE COROT', 1),
(158, 5, 354, 'Lycée', '60', 'BEAUVAIS', '0600001A', 'LYCÉE GÉNÉRAL ET TECHNOLOGIQUE FÉLIX FAURE', 1),
(159, 5, 354, 'Lycée', '60', 'BEAUVAIS', '0601824G', 'LYCÉE GÉNÉRAL ET TECHNOLOGIQUE JEANNE HACHETTE', 1),
(160, 5, 354, 'Lycée', '60', 'BEAUVAIS', '0600004D', 'LYCÉE PROFESSIONNEL LES JACOBINS', 1),
(161, 5, 354, 'Lycée', '60', 'BEAUVAIS', '0600002B', 'LYCÉE GÉNÉRAL ET TECHNOLOGIQUE PAUL LANGEVIN', 1),
(162, 5, 354, 'Lycée', '60', 'BEAUVAIS', '0600061R', 'L.P. Paul Langevin', 1),
(163, 5, 354, 'Lycée', '60', 'BEAUVAIS', '0602005D', 'LEGTA de l\'Oise - Annexe', 1),
(164, 5, 354, 'Lycée', '60', 'BEAUVAIS', '0601823F', 'LYCÉE GÉNÉRAL ET TECHNOLOGIQUE FRANÇOIS TRUFFAUT', 1),
(165, 5, 354, 'Lycée', '60', 'BREUIL-LE-VERT', '0601787S', 'LYCÉE PROFESSIONNEL ROBERVAL', 1),
(166, 5, 354, 'Lycée', '60', 'CHANTILLY', '0601845E', 'LYCÉE PROFESSIONNEL DE LA FORÊT', 1),
(167, 5, 354, 'Lycée', '60', 'CHANTILLY', '0600009J', 'LYCÉE GÉNÉRAL ET TECHNOLOGIQUE JEAN ROSTAND', 1),
(168, 5, 354, 'Lycée', '60', 'CLERMONT', '0600013N', 'LYCÉE GÉNÉRAL ET TECHNOLOGIQUE CASSINI', 1),
(169, 5, 354, 'Lycée', '60', 'COMPIEGNE', '0600014P', 'LYCÉE GÉNÉRAL ET TECHNOLOGIQUE PIERRE D\'AILLY', 1),
(170, 5, 354, 'Lycée', '60', 'COMPIEGNE', '0601863Z', 'LYCÉE POLYVALENT CHARLES DE GAULLE', 1),
(171, 5, 354, 'Lycée', '60', 'COMPIEGNE', '0601871H', 'LP Charles de Gaulle', 1),
(172, 5, 354, 'Lycée', '60', 'COMPIEGNE', '0600015R', 'LYCÉE GÉNÉRAL ET TECHNOLOGIQUE MIREILLE GRENET', 1),
(173, 5, 354, 'Lycée', '60', 'COMPIEGNE', '0600016S', 'LYCÉE PROFESSIONNEL INDUSTRIEL MIREILLE GRENET', 1),
(174, 5, 354, 'Lycée', '60', 'COMPIEGNE', '0600017T', 'LYCÉE PROFESSIONNEL MIXTE MIREILLE GRENET', 1),
(175, 5, 354, 'Lycée', '60', 'CREIL', '0600021X', 'LYCÉE GÉNÉRAL ET TECHNOLOGIQUE JULES UHRY', 1),
(176, 5, 354, 'Lycée', '60', 'CREIL', '0600063T', 'LYCÉE PROFESSIONNEL JULES UHRY', 1),
(177, 5, 354, 'Lycée', '60', 'CREIL', '0602148J', 'MICROLYCÉE DE CREIL', 1),
(178, 5, 354, 'Lycée', '60', 'CRÉPY-EN-VALOIS', '0601363F', 'LYCÉE PROFESSIONNEL ROBERT DESNOS', 1),
(179, 5, 354, 'Lycée', '60', 'CRÈVECOEUR-LE-GRAND', '0600070A', 'ÉTABLISSEMENT RÉGIONAL D\'ENSEIGNEMENT ADAPTÉ JOSÉPHINE BAKER', 1),
(180, 5, 354, 'Lycée', '60', 'CRÉPY-EN-VALOIS', '0601832R', 'LYCÉE GÉNÉRAL ET TECHNOLOGIQUE JEAN MONNET', 1),
(181, 5, 354, 'Lycée', '60', 'GRANDVILLIERS', '0601897L', 'LYCÉE PROFESSIONNEL JULES VERNE', 1),
(182, 5, 354, 'Lycée', '60', 'MÉRU', '0601865B', 'LYCÉE GÉNÉRAL ET TECHNOLOGIQUE CONDORCET', 1),
(183, 5, 354, 'Lycée', '60', 'MÉRU', '0601470X', 'LYCÉE PROFESSIONNEL LAVOISIER', 1),
(184, 5, 354, 'Lycée', '60', 'MONTATAIRE', '0601864A', 'LYCÉE GÉNÉRAL ET TECHNOLOGIQUE ANDRÉ MALRAUX', 1),
(185, 5, 354, 'Lycée', '60', 'MONTATAIRE', '0601870G', 'LYCÉE PROFESSIONNEL ANDRÉ MALRAUX', 1),
(186, 5, 354, 'Lycée', '60', 'NOGENT-SUR-OISE', '0600020W', 'LYCÉE GÉNÉRAL ET TECHNOLOGIQUE MARIE CURIE', 1),
(187, 5, 354, 'Lycée', '60', 'NOGENT-SUR-OISE', '0600062S', 'LYCÉE PROFESSIONNEL MARIE CURIE', 1),
(188, 5, 354, 'Lycée', '60', 'NOYON', '0600041U', 'LYCÉE PROFESSIONNEL CHARLES DE BOVELLES', 1),
(189, 5, 354, 'Lycée', '60', 'NOYON', '0600040T', 'LYCÉE GÉNÉRAL ET TECHNOLOGIQUE JEAN CALVIN', 1),
(190, 5, 354, 'Lycée', '60', 'RIBÉCOURT-DRESLINCOURT', '0601265Z', 'LYCÉE PROFESSIONNEL AGRICOLE HORTICOLE DE RIBÉCOURT - EPLEFPA', 1),
(191, 5, 354, 'Lycée', '60', 'RIBÉCOURT-DRESLINCOURT', '0601822E', 'LYCÉE PROFESSIONNEL ARTHUR RIMBAUD', 1),
(192, 5, 354, 'Lycée', '60', 'SENLIS', '0601826J', 'LYCEE HUGES CAPET', 1),
(193, 5, 354, 'Lycée', '60', 'SENLIS', '0600049C', 'LYCÉE PROFESSIONNEL AMYOT D\'INVILLE', 1),
(194, 5, 354, 'Lycée', '60', 'SAINT-MAXIMIN', '0600048B', 'LYCÉE PROFESSIONNEL DONATION DE ROTHSCHILD', 1),
(195, 5, 354, 'Lycée', '62', 'AIRE-SUR-LA-LYS', '0623981R', 'LYCÉE POLYVALENT VAUBAN', 1),
(196, 5, 354, 'Lycée', '62', 'ARRAS', '0624430D', 'LYCÉE GÉNÉRAL ET TECHNOLOGIQUE GAMBETTA CARNOT', 1),
(197, 5, 354, 'Lycée', '62', 'ARRAS', '0620011A', 'LYCÉE PROFESSIONNEL JACQUES LE CARON', 1),
(198, 5, 354, 'Lycée', '62', 'ARRAS', '0620257T', 'LYCÉE PROFESSIONNEL SAVARY - FERRY', 1),
(199, 5, 354, 'Lycée', '62', 'ARRAS', '0620256S', 'LYCÉE POLYVALENT GUY MOLLET', 1),
(200, 5, 354, 'Lycée', '62', 'ARRAS', '0620006V', 'LYCÉE GÉNÉRAL ET TECHNOLOGIQUE ROBESPIERRE', 1),
(201, 5, 354, 'Lycée', '62', 'AUCHEL', '0620018H', 'LYCÉE PROFESSIONNEL FERNAND DEGRUGILLIER', 1),
(202, 5, 354, 'Lycée', '62', 'AUCHEL', '0620017G', 'LYCÉE LAVOISIER', 1),
(203, 5, 354, 'Lycée', '62', 'AVION', '0620027T', 'LYCÉE POLYVALENT PABLO PICASSO', 1),
(204, 5, 354, 'Lycée', '62', 'BAPAUME', '0620030W', 'LYCÉE PROFESSIONNEL PHILIPPE AUGUSTE', 1),
(205, 5, 354, 'Lycée', '62', 'BERCK', '0622276M', 'LYCÉE POLYVALENT JAN LAVEZZARI', 1),
(206, 5, 354, 'Lycée', '62', 'BERCK', '0620229M', 'ÉTABLISSEMENT RÉGIONAL D\'ENSEIGNEMENT ADAPTÉ ANTOINE DE SAINT EXUPÉRY', 1),
(207, 5, 354, 'Lycée', '62', 'BÉTHUNE', '0620043K', 'LYCÉE PROFESSIONNEL SALVADOR ALLENDE', 1),
(208, 5, 354, 'Lycée', '62', 'BÉTHUNE', '0620040G', 'LYCÉE GÉNÉRAL ET TECHNOLOGIQUE LOUIS BLARINGHEM', 1),
(209, 5, 354, 'Lycée', '62', 'BÉTHUNE', '0620042J', 'LYCÉE GÉNÉRAL ET TECHNOLOGIQUE ANDRÉ MALRAUX', 1),
(210, 5, 354, 'Lycée', '62', 'BÉTHUNE', '0622089J', 'LYCÉE PROFESSIONNEL ANDRÉ MALRAUX', 1),
(211, 5, 354, 'Lycée', '62', 'BEUVRY', '0623902E', 'LYCÉE POLYVALENT MARGUERITE YOURCENAR', 1),
(212, 5, 354, 'Lycée', '62', 'BOULOGNE-SUR-MER', '0620052V', 'LYCÉE POLYVALENT ÉDOUARD BRANLY', 1),
(213, 5, 354, 'Lycée', '62', 'BOULOGNE-SUR-MER', '0622275L', 'LYCÉE PROFESSIONNEL JEAN CHARLES CAZIN', 1),
(214, 5, 354, 'Lycée', '62', 'BOULOGNE-SUR-MER', '0622949U', 'LYCÉE GÉNÉRAL ET TECHNOLOGIQUE MARIETTE', 1),
(215, 5, 354, 'Lycée', '62', 'BRUAY-LA-BUISSIÈRE', '0622801H', 'LYCÉE PROFESSIONNEL DES TRAVAUX PUBLICS J BERTIN', 1),
(216, 5, 354, 'Lycée', '62', 'BRUAY-LA-BUISSIÈRE', '0620056Z', 'LYCÉE POLYVALENT CARNOT', 1),
(217, 5, 354, 'Lycée', '62', 'BRUAY-LA-BUISSIÈRE', '0620192X', 'LYCÉE PROFESSIONNEL PIERRE MENDÈS FRANCE', 1),
(218, 5, 354, 'Lycée', '62', 'BULLY-LES-MINES', '0620059C', 'LYCÉE PROFESSIONNEL LÉO LAGRANGE', 1),
(219, 5, 354, 'Lycée', '62', 'CALAIS', '0620063G', 'LYCÉE GÉNÉRAL ET TECHNOLOGIQUE SOPHIE BERTHELOT', 1),
(220, 5, 354, 'Lycée', '62', 'CALAIS', '0620062F', 'LYCÉE GÉNÉRAL ET TECHNOLOGIQUE PIERRE DE COUBERTIN', 1),
(221, 5, 354, 'Lycée', '62', 'CALAIS', '0620189U', 'LYCÉE PROFESSIONNEL PIERRE DE COUBERTIN', 1),
(222, 5, 354, 'Lycée', '62', 'CALAIS', '0620188T', 'LYCÉE PROFESSIONNEL DU DÉTROIT', 1),
(223, 5, 354, 'Lycée', '62', 'CALAIS', '0623463C', 'LYCÉE PROFESSIONNEL NORMANDIE NIEMEN', 1),
(224, 5, 354, 'Lycée', '62', 'CALAIS', '0622099V', 'ÉTABLISSEMENT RÉGIONAL D\'ENSEIGNEMENT ADAPTÉ DE LA CÔTE D\'OPALE', 1),
(225, 5, 354, 'Lycée', '62', 'CALAIS', '0624141P', 'LYCÉE POLYVALENT LÉONARD DE VINCI', 1),
(226, 5, 354, 'Lycée', '62', 'CARVIN', '0620070P', 'LYCÉE GÉNÉRAL ET TECHNOLOGIQUE DIDEROT', 1),
(227, 5, 354, 'Lycée', '62', 'ÉTAPLES', '0620187S', 'LYCÉE PROFESSIONNEL JULES VERNE', 1),
(228, 5, 354, 'Lycée', '62', 'HÉNIN-BEAUMONT', '0620093P', 'LYCÉE GÉNÉRAL ET TECHNOLOGIQUE FERNAND DARCHICOURT', 1),
(229, 5, 354, 'Lycée', '62', 'HÉNIN-BEAUMONT', '0620095S', 'LYCÉE POLYVALENT LOUIS PASTEUR', 1),
(230, 5, 354, 'Lycée', '62', 'HÉNIN-BEAUMONT', '0623328F', 'LYCÉE PROFESSIONNEL HENRI SENEZ', 1),
(231, 5, 354, 'Lycée', '62', 'LENS', '0620109G', 'LYCÉE GÉNÉRAL ET TECHNOLOGIQUE AUGUSTE BÉHAL', 1),
(232, 5, 354, 'Lycée', '62', 'LENS', '0620110H', 'LYCÉE PROFESSIONNEL AUGUSTE BÉHAL', 1),
(233, 5, 354, 'Lycée', '62', 'LENS', '0620108F', 'LYCÉE GÉNÉRAL ET TECHNOLOGIQUE CONDORCET', 1),
(234, 5, 354, 'Lycée', '62', 'LENS', '0623864N', 'LYCÉE PROFESSIONNEL MAXIMILIEN DE ROBESPIERRE', 1),
(235, 5, 354, 'Lycée', '62', 'LE PORTEL', '0623903F', 'LYCÉE PROFESSIONNEL MARITIME ET AQUACOLE', 1),
(236, 5, 354, 'Lycée', '62', 'LE TOUQUET-PARIS-PLAGE', '0622807P', 'LYCÉE POLYVALENT HÔTELIER', 1),
(237, 5, 354, 'Lycée', '62', 'LIÉVIN', '0622302R', 'ÉTABLISSEMENT RÉGIONAL D\'ENSEIGNEMENT ADAPTÉ MICHEL COLUCCI', 1),
(238, 5, 354, 'Lycée', '62', 'LIÉVIN', '0620113L', 'LYCÉE GÉNÉRAL ET TECHNOLOGIQUE HENRI DARRAS', 1),
(239, 5, 354, 'Lycée', '62', 'LIÉVIN', '0620190V', 'LYCÉE PROFESSIONNEL HENRI DARRAS', 1),
(240, 5, 354, 'Lycée', '62', 'LIÉVIN', '0623377J', 'LYCÉE PROFESSIONNEL FRANÇOIS HENNEBIQUE', 1),
(241, 5, 354, 'Lycée', '62', 'LILLERS', '0620120U', 'LYCÉE GÉNÉRAL ET TECHNOLOGIQUE ANATOLE FRANCE', 1),
(242, 5, 354, 'Lycée', '62', 'LILLERS', '0620121V', 'LYCÉE PROFESSIONNEL FLORA TRISTAN', 1),
(243, 5, 354, 'Lycée', '62', 'LONGUENESSE', '0622803K', 'LYCÉE GÉNÉRAL ET TECHNOLOGIQUE BLAISE PASCAL', 1),
(244, 5, 354, 'Lycée', '62', 'LUMBRES', '0620124Y', 'LYCÉE PROFESSIONNEL BERNARD CHOCHOY', 1),
(245, 5, 354, 'Lycée', '62', 'MARQUISE', '0620131F', 'LYCÉE PROFESSIONNEL DES DEUX CAPS', 1),
(246, 5, 354, 'Lycée', '62', 'MONTREUIL', '0620140R', 'LYCÉE POLYVALENT EUGÈNE WOILLEZ', 1),
(247, 5, 354, 'Lycée', '62', 'NOEUX-LES-MINES', '0624440P', 'LYCÉE POLYVALENT D\'ARTOIS', 1),
(248, 5, 354, 'Lycée', '62', 'OIGNIES', '0620150B', 'LYCÉE PROFESSIONNEL JOLIOT CURIE', 1),
(249, 5, 354, 'Lycée', '62', 'OUTREAU', '0620221D', 'LYCÉE PROFESSIONNEL PROFESSEUR CLERC', 1),
(250, 5, 354, 'Lycée', '62', 'RADINGHEM', '0623723K', 'LYCÉE GÉNÉRAL ET TECHNOLOGIQUE AGRICOLE DE RADINGHEM - EPLEFPA PDCALAIS', 1),
(251, 5, 354, 'Lycée', '62', 'SAINT-POL-SUR-TERNOISE', '0620166U', 'LYCÉE GÉNÉRAL ET TECHNOLOGIQUE ALBERT CHÂTELET', 1),
(252, 5, 354, 'Lycée', '62', 'SAINT-OMER', '0620162P', 'LYCÉE DU PAYS DE SAINT OMER', 1),
(253, 5, 354, 'Lycée', '62', 'SAINT-POL-SUR-TERNOISE', '0620167V', 'LYCÉE PROFESSIONNEL PIERRE MENDÈS FRANCE', 1),
(254, 5, 354, 'Lycée', '62', 'SAINT-OMER', '0620161N', 'LYCÉE GÉNÉRAL ET TECHNOLOGIQUE ALEXANDRE RIBOT', 1),
(255, 5, 354, 'Lycée', '62', 'SAINT-MARTIN-BOULOGNE', '0624109E', 'LYCÉE POLYVALENT GIRAUX SANNIER', 1),
(256, 5, 354, 'Lycée', '62', 'SALLAUMINES', '0620220C', 'LYCÉE PROFESSIONNEL LA PEUPLERAIE', 1),
(257, 5, 354, 'Lycée', '62', 'TILLOY-LÈS-MOFFLAINES', '0622257S', 'EPLEFPA DU PAS DE CALAIS LGTA TILLOY', 1),
(258, 5, 354, 'Lycée', '62', 'WINGLES', '0623915U', 'LYCÉE GÉNÉRAL ET TECHNOLOGIQUE VOLTAIRE', 1),
(259, 5, 354, 'Lycée', '62', 'WINGLES', '0620258U', 'LYCÉE PROFESSIONNEL VOLTAIRE', 1),
(260, 5, 354, 'Lycée', '80', 'ABBEVILLE', '0801335S', 'LLYCÉE PROFESSIONNEL AGRICOLE DE LA BAIE DE SOMME - EPLEFPA', 1),
(261, 5, 354, 'Lycée', '80', 'ABBEVILLE', '0800001S', 'LYCÉE GÉNÉRAL ET TECHNOLOGIQUE BOUCHER DE PERTHES', 1),
(262, 5, 354, 'Lycée', '80', 'ABBEVILLE', '0800063J', 'LYCÉE PROFESSIONNEL BOUCHER DE PERTHES', 1),
(263, 5, 354, 'Lycée', '80', 'ALBERT', '0800007Y', 'LYCÉE POLYVALENT LAMARCK', 1),
(264, 5, 354, 'Lycée', '80', 'ALBERT', '0800060F', 'L.P. Lamarck', 1),
(265, 5, 354, 'Lycée', '80', 'AMIENS', '0800013E', 'LYCÉE PROFESSIONNEL DE L\'ACHEULÉEN', 1),
(266, 5, 354, 'Lycée', '80', 'AMIENS', '0801327H', 'LYCÉE TECHNOLOGIQUE ÉDOUARD BRANLY', 1),
(267, 5, 354, 'Lycée', '80', 'AMIENS', '0801336T', 'LYCÉE PROFESSIONNEL ÉDOUARD BRANLY', 1),
(268, 5, 354, 'Lycée', '80', 'AMIENS', '0801700N', 'LYCÉE JEAN BAPTISE DELAMBRE', 1),
(269, 5, 354, 'Lycée', '80', 'AMIENS', '0802140S', 'MICRO LYCÉE DE L\'ACADÉMIE D\'AMIENS', 1),
(270, 5, 354, 'Lycée', '80', 'AMIENS', '0800000Z', 'Lycée Test', 1),
(271, 5, 354, 'Lycée', '80', 'AMIENS', '0800011C', 'LYCÉE GÉNÉRAL ET TECHNOLOGIQUE ÉDOUARD GAND', 1),
(272, 5, 354, 'Lycée', '80', 'AMIENS', '0800062H', 'LYCÉE PROFESSIONNEL ÉDOUARD GAND', 1),
(273, 5, 354, 'Lycée', '80', 'AMIENS', '0801882L', 'LYCÉE POLYVALENT DE LA HOTOIE', 1),
(274, 5, 354, 'Lycée', '80', 'AMIENS', '0802103B', 'section professionnelle La Hotoie', 1),
(275, 5, 354, 'Lycée', '80', 'AMIENS', '0801841S', 'LYCÉE GÉNÉRAL ET TECHNOLOGIQUE ROBERT DE LUZARCHES', 1),
(276, 5, 354, 'Lycée', '80', 'AMIENS', '0800010B', 'LYCÉE MADELEINE MICHELIS', 1),
(277, 5, 354, 'Lycée', '80', 'AMIENS', '0801194N', 'LYCÉE PROFESSIONNEL MONTAIGNE', 1),
(278, 5, 354, 'Lycée', '80', 'AMIENS', '0801628K', 'LYCÉE PROFESSIONNEL ROMAIN ROLLAND', 1),
(279, 5, 354, 'Lycée', '80', 'AMIENS', '0800009A', 'LYCÉE LOUIS THUILLIER', 1),
(280, 5, 354, 'Lycée', '80', 'COTTENCHY', '0801272Y', 'EPLEFPA D\'AMIENS LGTA LE PARACLET', 1),
(281, 5, 354, 'Lycée', '80', 'DOULLENS', '0801900F', 'LYCÉE GÉNÉRAL ET TECHNOLOGIQUE DE L\'AUTHIE', 1),
(282, 5, 354, 'Lycée', '80', 'DOULLENS', '0800065L', 'LYCÉE PROFESSIONNEL DE L\'AUTHIE', 1),
(283, 5, 354, 'Lycée', '80', 'FLIXECOURT', '0801704T', 'LYCÉE PROFESSIONNEL ALFRED MANESSIER', 1),
(284, 5, 354, 'Lycée', '80', 'FRIVILLE-ESCARBOTIN', '0801864S', 'LYCÉE POLYVALENT DU VIMEU', 1),
(285, 5, 354, 'Lycée', '80', 'FRIVILLE-ESCARBOTIN', '0800061G', 'L.P. du Vimeu', 1),
(286, 5, 354, 'Lycée', '80', 'HAM', '0801252B', 'LYCÉE PROFESSIONNEL JEAN CHARLES ATHANASE PELTIER', 1),
(287, 5, 354, 'Lycée', '80', 'MONTDIDIER', '0801853E', 'LYCÉE POLYVALENT JEAN RACINE', 1),
(288, 5, 354, 'Lycée', '80', 'MONTDIDIER', '0801534H', 'LYCÉE PROFESSIONNEL JEAN RACINE', 1),
(289, 5, 354, 'Lycée', '80', 'PÉRONNE', '0800046R', 'LYCÉE GÉNÉRAL ET TECHNOLOGIQUE PIERRE MENDÈS FRANCE', 1),
(290, 5, 354, 'Lycée', '80', 'PÉRONNE', '0801514L', 'LYCÉE PROFESSIONNEL PIERRE MENDÈS FRANCE', 1),
(291, 5, 354, 'Lycée', '80', 'PÉRONNE', '0801328J', 'LYCÉE PROFESSIONNEL AGRICOLE DE LA HAUTE SOMME', 1),
(292, 5, 354, 'Lycée', '80', 'RIBEMONT-SUR-ANCRE', '0801825Z', 'LYCÉE PROFESSIONNEL AGRICOLE HAUTE SOMME SITE RIBEMONT', 1),
(293, 5, 354, 'Lycée', '80', 'RUE', '0801739F', 'LYCÉE PROFESSIONNEL DU MARQUENTERRE', 1),
(294, 5, 363, 'Siège', '59', 'LILLE', '31A', 'Direction politiques éducatives', 1),
(296, 5, 354, 'Lycée', '59', 'WATTIGNIES', '0590302H', 'CREPS', 1),
(298, 5, 354, 'Lycée', '02', 'SAINT-QUENTIN', '0022172A', 'MICROLYCÉE DE SAINT QUENTIN', 1),
(299, 7, 1, 'Siège', NULL, NULL, '41A005', 'Service logistique', 1),
(301, 8, 299, 'Siège', NULL, NULL, '41A0053', 'Secteur reprographie', 1),
(303, 7, 3, 'Siège', NULL, NULL, '41B002', 'Service études et travaux', 1),
(304, 8, 3, 'Siège', NULL, NULL, '41B0001', 'Secteur déménagements', 1),
(305, 10, 336, 'Port', NULL, NULL, '32BA0413', 'Cellule hydrographie et dragage', 1),
(306, 7, 314, 'Siège', NULL, NULL, '31AA01', 'Service action éducative et aides individuelles', 1),
(307, 8, 327, 'Siège', NULL, NULL, '41B0032', 'Secteur Sud exploitation maintenance', 1),
(309, 10, 592, 'Siège', NULL, NULL, '31BA0103', 'Cellule établissements publics', 1),
(310, 8, 338, 'Port', NULL, NULL, '32BA043', 'Secteur méthode et support', 1),
(312, 6, 2, 'Siège', NULL, NULL, '31BB', 'Département missions régionales éducatives', 1),
(313, 7, 337, 'Siège', NULL, NULL, '31BA02', 'Service énergie', 1),
(314, 6, 294, 'Siège', NULL, NULL, '31AA', 'Département réussite de l\'élève', 1),
(315, 8, 592, 'Siège', NULL, NULL, '31BA0102', 'Cellule établissements privés', 1),
(316, 8, 619, 'Port', NULL, NULL, '32BA011', 'Secteur réglementation et projets', 1),
(318, 8, 619, 'Port', NULL, NULL, '32BA012', 'Secteur relations usagers', 1),
(319, 8, 621, 'Port', NULL, NULL, '32BA032', 'Secteur bureau des méthodes', 1),
(321, 7, 3, 'Siège', NULL, NULL, '41B004', 'Service administratif et financier', 1),
(323, 8, 327, 'Siège', NULL, NULL, '41B0031', 'Secteur Nord exploitation maintenance', 1),
(324, 8, 333, 'Siège', NULL, NULL, '31BB012', 'Secteur hébergement conventionnement logement', 1),
(325, 8, 1, 'Siège', NULL, NULL, '41A0001', 'Secteur en route pour l\'emploi', 1),
(326, 7, 2, 'Siège', NULL, NULL, '31B001', 'Service administratif et financier', 1),
(327, 7, 3, 'Siège', NULL, NULL, '41B003', 'Service exploitation maintenance', 1),
(328, 8, 333, 'Siège', NULL, NULL, '31BB011', 'Secteur restauration', 1),
(329, 7, 314, 'Siège', NULL, NULL, '31AA02', 'Service carte des formations', 1),
(330, 7, 312, 'Siège', NULL, NULL, '31BB02', 'Service mission des agents techniques territoriaux', 1),
(331, 7, 314, 'Siège', NULL, NULL, '31AA03', 'Service information et orientation', 1),
(332, 7, 3, 'Siège', NULL, NULL, '41B001', 'Service stratégie et gestion foncière et patrimoniale', 1),
(333, 7, 312, 'Siège', NULL, NULL, '31BB01', 'Service restauration hébergement conventionnement logement', 1),
(334, 10, 592, 'Siège', NULL, NULL, '31BA0101', 'Cellule optimisation des charges des lycées', 1),
(335, 7, 424, 'Siège', NULL, NULL, '31AB01', 'Service support appui aux usages', 1),
(336, 8, 338, 'Port', NULL, NULL, '32BA041', 'Secteur exploitation et hydrographie', 1),
(337, 6, 2, 'Siège', NULL, NULL, '31BA', 'Département énergie et moyens financiers', 1),
(338, 7, 431, 'Port', NULL, NULL, '32BA04', 'Service exploitation et achats', 1),
(340, 10, 621, 'Port', NULL, NULL, '32BA0302', 'Cellule travaux à l\'entreprise', 1),
(345, 8, 591, 'Siège', NULL, NULL, '31AB029', 'Secteur Valenciennois, Sambre Avesnois', 1),
(346, 8, 591, 'Siège', NULL, NULL, '31AB027', 'Secteur Lille Est Roubaix Tourcoing', 1),
(347, 8, 591, 'Siège', NULL, NULL, '31AB024', 'Secteur Bassin minier', 1),
(348, 8, 591, 'Siège', NULL, NULL, '31AB025', 'Secteur Lille centre Lille ouest et la Flandre', 1),
(349, 7, 1, 'Siège', NULL, NULL, '41A001', 'Service administratif et financier', 1),
(350, 10, 1576, 'Port', NULL, NULL, '32BA0212', 'Atelier automobile, engins et moyens de production', 1),
(351, 7, 1, 'Siège', NULL, NULL, '41A002', 'Service déplacements', 1),
(352, 8, 622, 'Port', NULL, NULL, '32BB011', 'Secteur maîtrise d\'ouvrage et programmation', 1),
(353, 9, NULL, NULL, NULL, NULL, 'REGION', 'RÉGION', 1),
(354, 3, 353, 'Lycée', NULL, NULL, 'LYCEE', 'LYCÉES', 1),
(355, 9, 353, 'Siège', '59', 'LILLE', '10', 'Région Hauts-de-France', 1),
(356, 9, 355, 'Siège', '59', 'LILLE', '20', 'Direction générale des services', 1),
(357, 9, 353, 'Siège', '59', 'LILLE', 'VEROSE', 'Immeuble Le Vérose', 1),
(358, 9, 353, 'Siège', '62', 'BOULOGNE SUR MER', 'PORTB', 'Port Boulogne sur Mer', 1),
(359, 9, 353, 'Siège', '62', 'CALAIS', 'PORTC', 'Port de Calais', 1),
(360, 3, 355, 'Siège', '59', 'LILLE', '11', 'Cabinet', 1),
(361, 3, 355, 'Siège', '59', 'LILLE', '12', 'Conseil économique, social et environnemental régional', 1),
(362, 3, 356, 'Siège', '59', 'LILLE', '30', 'Pôle Culture et rayonnement', 1),
(363, 3, 356, 'Siège', '59', 'LILLE', '31', 'Pôle Education lycées', 1),
(364, 3, 356, 'Siège', '59', 'LILLE', '32', 'Pôle Transports et infrastructures', 1),
(365, 3, 356, 'Siège', '59', 'LILLE', '33', 'Pôle Equilibre des territoires', 1),
(366, 3, 356, 'Siège', '59', 'LILLE', '34', 'Pôle Soutien au travail', 1),
(367, 3, 356, 'Siège', '59', 'LILLE', '35', 'Pôle Europe et international', 1),
(368, 3, 356, 'Siège', '59', 'LILLE', '40', 'Pôle Ressources', 1),
(369, 3, 356, 'Siège', '59', 'LILLE', '41', 'Pôle Supports techniques', 1),
(370, 3, 356, 'Siège', NULL, NULL, '42', 'Pôle Performance et proximité', 1),
(371, 3, 355, 'Siège', NULL, NULL, 'EPLE', 'Etablissements publics locaux d\'enseignement', 1),
(372, 5, 356, 'Siège', '59', 'LILLE', '11A', 'Direction de la communication et des relations publiques', 1),
(373, 5, 356, 'Siège', '59', 'LILLE', '11B', 'Direction des relations institutionnelles', 1),
(374, 5, 356, 'Siège', '59', 'LILLE', '20A', 'Secrétariat général', 1),
(375, 5, 356, 'Siège', '59', 'LILLE', '20B', 'Direction des ressources humaines', 1),
(376, 5, 356, 'Siège', '59', 'LILLE', '20C', 'Direction de la cohésion et de la communication interne', 1),
(377, 5, 362, 'Siège', '59', 'LILLE', '30A', 'Direction de la création artistique et des pratiques culturelles', 1),
(378, 5, 362, 'Siège', '59', 'LILLE', '30B', 'Direction des sports, de la jeunesse et de la vie associative', 1),
(379, 5, 364, 'Siège', '59', 'LILLE', '32A', 'Direction des transports', 1),
(380, 5, 364, 'Siège', '59', 'LILLE', '32C', 'Mission \"Canal Seine-Nord Europe\"', 1),
(381, 5, 365, 'Siège', '59', 'LILLE', '33A', 'Agence Hauts-de-France 2020  2040', 1),
(382, 5, 365, 'Siège', '59', 'LILLE', '33B', 'Direction de l\'aménagement du territoire et du logement', 1),
(383, 5, 365, 'Siège', '59', 'LILLE', '33C', 'Direction de la biodiversité', 1),
(385, 5, 366, 'Siège', '59', 'LILLE', '34A', 'Direction de la formation professionnelle', 1),
(386, 5, 366, 'Siège', '59', 'LILLE', '34B', 'Direction de l\'apprentissage et de l\'alternance', 1),
(387, 5, 366, 'Siège', '59', 'LILLE', '34C', 'Direction de l\'appui aux entreprises', 1),
(388, 5, 366, 'Siège', '59', 'LILLE', '34D', 'Direction des partenariats économiques, de l\'artisanat et de la pêche', 1),
(389, 5, 366, 'Siège', '59', 'LILLE', '34E', 'Direction de la recherche, de l\'enseignement supérieur et des formations sanitaires et sociales', 1),
(390, 5, 366, 'Siège', '59', 'LILLE', '34G', 'Direction troisième révolution industrielle', 1),
(391, 5, 366, 'Siège', '59', 'LILLE', '34H', 'Mission \"Hauts-de-France financement\"', 1),
(392, 5, 366, 'Siège', '59', 'LILLE', '34I', 'Direction Proch\'emploi', 1),
(393, 5, 367, 'Siège', '59', 'LILLE', '35A', 'Direction Europe', 1),
(394, 5, 367, 'Siège', '59', 'LILLE', '35B', 'Direction des relations internationales', 1),
(395, 5, 367, 'Siège', '59', 'LILLE', '35C', 'Mission auprès de l\'Union européenne', 1),
(396, 5, 368, 'Siège', '59', 'LILLE', '40A', 'Direction des finances', 1),
(397, 5, 368, 'Siège', '59', 'LILLE', '40B', 'Direction de l\'achat public', 1),
(398, 5, 368, 'Siège', '59', 'LILLE', '40C', 'Direction des affaires juridiques', 1),
(399, 5, 368, 'Siège', '59', 'LILLE', '40D', 'Direction des systèmes d\'information', 1),
(400, 5, 356, 'Siège', NULL, NULL, '20D', 'Direction de l\'inspection générale', 1),
(401, 5, 356, 'Siège', NULL, NULL, '20E', 'Mission fusion et projet d\'administration', 1),
(402, 5, 362, 'Siège', NULL, NULL, '30F', 'Mission ingénierie touristique et attractivité', 1),
(403, 5, 363, 'Siège', NULL, NULL, '31C', 'Mission information et proximité avec les lycées', 1),
(404, 5, 363, 'Siège', NULL, NULL, '31D', 'Direction équipements et patrimoine lycées', 1),
(405, 5, 364, 'Siège', NULL, NULL, '32D', 'Direction des transports scolaires et interurbains', 1),
(406, 5, 365, 'Siège', NULL, NULL, '33E', 'Direction de l\'agriculture', 1),
(407, 5, 365, 'Siège', NULL, NULL, '33F', 'Direction de la santé', 1),
(408, 5, 365, 'Siège', NULL, NULL, '33G', 'Mission transition numérique', 1),
(409, 5, 366, 'Siège', NULL, NULL, '34J', 'Direction de l\'innovation et de la performance industrielle', 1),
(410, 5, 369, 'Siège', NULL, NULL, '41C', 'Direction accueil et gestion des manifestations', 1),
(411, 5, 369, 'Siège', NULL, NULL, '41D', 'Direction de la sécurité, de la sureté et de la gestion des risques', 1),
(412, 5, 370, 'Siège', NULL, NULL, '42A', 'Direction qualité et performance', 1),
(413, 5, 370, 'Siège', NULL, NULL, '42B', 'Direction de l\'audit', 1),
(414, 5, 370, 'Siège', NULL, NULL, '42C', 'Direction des antennes régionales et de la relation aux usagers', 1),
(415, 5, 370, 'Siège', NULL, NULL, '42D', 'Mission suivi des projets transversaux', 1),
(416, 5, 371, 'Siège', NULL, NULL, 'REP', 'Reprise données', 1),
(419, 6, 375, 'Siège', NULL, NULL, '20BB', 'Département accompagnement et qualité de vie au travail', 1),
(420, 6, 375, 'Siège', NULL, NULL, '20BC', 'Département recrutement et formation', 1),
(421, 6, 375, 'Siège', NULL, NULL, '20BD', 'Département gestion du personnel', 1),
(422, 6, 377, 'Siège', NULL, NULL, '30AA', 'Département pilotage des dynamiques culturelles transverses', 1),
(423, 6, 377, 'Siège', NULL, NULL, '30AB', 'Département équipement le Nouveau Siècle', 1),
(424, 6, 294, 'Siège', NULL, NULL, '31AB', 'Département numérique éducatif', 1),
(425, 6, 404, 'Siège', NULL, NULL, '31DA', 'Département administratif et financier', 1),
(426, 6, 404, 'Siège', NULL, NULL, '31DB', 'Département rénovation et maintenance en régie', 1),
(427, 6, 404, 'Siège', NULL, NULL, '31DC', 'Département construction et gestion patrimoniale', 1),
(428, 6, 404, 'Siège', NULL, NULL, '31DD', 'Département programmation, études et équipements', 1),
(429, 6, 379, 'Siège', NULL, NULL, '32AA', 'Département infrastructures', 1),
(430, 6, 379, 'Siège', NULL, NULL, '32AB', 'Département services de transport', 1),
(431, 6, 4, 'Port', NULL, NULL, '32BA', 'Département exploitation et maintenance', 1),
(432, 6, 4, 'Port', NULL, NULL, '32BB', 'Département aménagement', 1),
(433, 6, 4, 'Port', NULL, NULL, '32BC', 'Département développement', 1),
(434, 6, 405, 'Siège', NULL, NULL, '32DA', 'Département du Nord', 1),
(435, 6, 405, 'Siège', NULL, NULL, '32DB', 'Département du Pas de Calais', 1),
(436, 6, 405, 'Siège', NULL, NULL, '32DC', 'Département de la Somme', 1),
(437, 6, 405, 'Siège', NULL, NULL, '32DD', 'Département de l\'Aisne', 1),
(438, 6, 405, 'Siège', NULL, NULL, '32DE', 'Département de l\'Oise', 1),
(440, 6, 385, 'Siège', NULL, NULL, '34AA', 'Département offre de formation et d\'orientation territorialisées', 1),
(441, 6, 385, 'Siège', NULL, NULL, '34AB', 'Département animation stratégique', 1),
(442, 6, 385, 'Siège', NULL, NULL, '34AC', 'Département pilotage et qualité interne', 1),
(443, 6, 399, 'Siège', NULL, NULL, '40DA', 'Département projets, applications, urbanisation du système d\'information', 1),
(444, 6, 399, 'Siège', NULL, NULL, '40DB', 'Département infrastructures usages et postes de travail', 1),
(445, 7, 372, 'Siège', '59', 'LILLE', '11A001', 'Service administratif et financier', 1),
(447, 7, 372, 'Siège', '59', 'LILLE', '11A003', 'Service studio', 1),
(448, 7, 372, 'Siège', '59', 'LILLE', '11A004', 'Service rédaction', 1),
(449, 7, 374, 'Siège', '59', 'LILLE', '20A002', 'Service courrier', 1),
(450, 7, 389, 'Siège', '59', 'LILLE', '34E001', 'Service recherche', 1),
(451, 7, 389, 'Siège', '59', 'LILLE', '34E002', 'Service enseignement supérieur', 1),
(452, 7, 389, 'Siège', '59', 'LILLE', '34E003', 'Service formations sanitaires et sociales', 1),
(453, 7, 389, 'Siège', '59', 'LILLE', '34E004', 'Service fonds structurels et gestion', 1),
(455, 7, 391, 'Siège', '59', 'LILLE', '34H002', 'Service fonds et participations', 1),
(456, 7, 397, 'Siège', '59', 'LILLE', '40B001', 'Service expertise supports outils modélisation', 1),
(457, 7, 397, 'Siège', '59', 'LILLE', '40B002', 'Service gestion des procédures', 1),
(458, 7, 397, 'Siège', '59', 'LILLE', '40B004', 'Service administratif et financier', 1),
(459, 7, 398, 'Siège', '59', 'LILLE', '40C001', 'Service conseil et appui au développement des politiques', 1),
(460, 7, 398, 'Siège', '59', 'LILLE', '40C002', 'Service risques et contentieux', 1),
(461, 7, 16, 'Lycée', NULL, 'QUEBEC', '020060EX', 'Rattaché au gestionnaire', 1),
(462, 7, 11, 'Lycée', NULL, NULL, '020012CG', 'Service Général', 1),
(463, 7, 11, 'Lycée', NULL, NULL, '020012CM', 'Service maintenance', 1),
(464, 7, 11, 'Lycée', NULL, NULL, '020012CR', 'Service Restauration', 1),
(465, 7, 11, 'Lycée', NULL, NULL, '020012CX', 'Rattaché au gestionnaire', 1),
(466, 7, 7, 'Lycée', NULL, NULL, '020014EG', 'Service général', 1),
(467, 7, 7, 'Lycée', NULL, NULL, '020014EM', 'Service maintenance', 1),
(468, 7, 7, 'Lycée', NULL, NULL, '020014ER', 'Service restauration', 1),
(469, 7, 7, 'Lycée', NULL, NULL, '020014EX', 'Rattaché au gestionnaire', 1),
(470, 7, 18, 'Lycée', NULL, NULL, '020022NG', 'Service général', 1),
(471, 7, 18, 'Lycée', NULL, NULL, '020022NM', 'Service maintenance', 1),
(472, 7, 18, 'Lycée', NULL, NULL, '020022NR', 'Service Restauration', 1),
(473, 7, 18, 'Lycée', NULL, NULL, '020022NX', 'Rattaché au gestionnaire', 1),
(474, 7, 17, 'Lycée', NULL, NULL, '020025SG', 'Service Général', 1),
(475, 7, 17, 'Lycée', NULL, NULL, '020025SR', 'Service restauration', 1),
(476, 7, 17, 'Lycée', NULL, NULL, '020025SX', 'Rattaché au gestionnaire', 1),
(477, 7, 21, 'Lycée', NULL, NULL, '020031YG', 'Service Général', 1),
(478, 7, 21, 'Lycée', NULL, NULL, '020031YM', 'Service maintenance', 1),
(479, 7, 21, 'Lycée', NULL, NULL, '020031YR', 'Service Restauration', 1),
(480, 7, 21, 'Lycée', NULL, NULL, '020031YX', 'Rattaché au gestionnaire', 1),
(481, 7, 23, 'Lycée', NULL, NULL, '020032ZG', 'Service Général', 1),
(482, 7, 23, 'Lycée', NULL, NULL, '020032ZM', 'Service maintenance', 1),
(483, 7, 23, 'Lycée', NULL, NULL, '020032ZR', 'Service Restauration', 1),
(484, 7, 23, 'Lycée', NULL, NULL, '020032ZX', 'Rattaché au gestionnaire', 1),
(485, 7, 25, 'Lycée', NULL, NULL, '020034BG', 'Service Général', 1),
(486, 7, 25, 'Lycée', NULL, NULL, '020034BM', 'Service maintenance', 1),
(487, 7, 25, 'Lycée', NULL, NULL, '020034BR', 'Service Restauration', 1),
(488, 7, 25, 'Lycée', NULL, NULL, '020034BX', 'Rattaché au gestionnaire', 1),
(489, 7, 41, 'Lycée', NULL, NULL, '020048SG', 'Service Général', 1),
(490, 7, 41, 'Lycée', NULL, NULL, '020048SX', 'Rattaché au gestionnaire', 1),
(491, 7, 43, 'Lycée', NULL, NULL, '020049TG', 'Service Général', 1),
(492, 7, 43, 'Lycée', NULL, NULL, '020049TR', 'Service Restauration', 1),
(493, 7, 43, 'Lycée', NULL, NULL, '020049TX', 'Rattaché au gestionnaire', 1),
(494, 7, 38, 'Lycée', NULL, NULL, '020050UG', 'Service Général', 1),
(495, 7, 38, 'Lycée', NULL, NULL, '020050UM', 'Service maintenance', 1),
(496, 7, 38, 'Lycée', NULL, NULL, '020050UR', 'Service Restauration', 1),
(497, 7, 38, 'Lycée', NULL, NULL, '020050UX', 'Rattaché au gestionnaire', 1),
(498, 7, 34, 'Lycée', NULL, NULL, '020051VG', 'Service général', 1),
(499, 7, 34, 'Lycée', NULL, NULL, '020051VM', 'Service maintenance', 1),
(500, 7, 34, 'Lycée', NULL, NULL, '020051VX', 'Rattaché au gestionnaire', 1),
(501, 7, 42, 'Lycée', NULL, NULL, '020052WG', 'Service général', 1),
(502, 7, 42, 'Lycée', NULL, NULL, '020052WM', 'Service maintenance', 1),
(503, 7, 42, 'Lycée', NULL, NULL, '020052WR', 'Service Restauration', 1),
(504, 7, 42, 'Lycée', NULL, NULL, '020052WX', 'Rattaché au gestionnaire', 1),
(505, 7, 31, 'Lycée', NULL, NULL, '020059DG', 'Service général', 1),
(506, 7, 31, 'Lycée', NULL, NULL, '020059DM', 'Service maintenance', 1),
(507, 7, 31, 'Lycée', NULL, NULL, '020059DX', 'Rattaché au gestionnaire', 1),
(508, 7, 24, 'Lycée', NULL, NULL, '020078ZG', 'Service Général', 1),
(509, 7, 24, 'Lycée', NULL, NULL, '020078ZM', 'Service maintenance', 1),
(510, 7, 24, 'Lycée', NULL, NULL, '020078ZR', 'Service Restauration', 1),
(511, 7, 24, 'Lycée', NULL, NULL, '020078ZX', 'Rattaché au gestionnaire', 1),
(512, 7, 27, 'Lycée', NULL, NULL, '020088KG', 'Service général', 1),
(513, 7, 27, 'Lycée', NULL, NULL, '020088KR', 'Service Restauration', 1),
(514, 7, 27, 'Lycée', NULL, NULL, '020088KX', 'Rattaché au gestionnaire', 1),
(515, 7, 32, 'Lycée', NULL, NULL, '021476UG', 'Service Général', 1),
(516, 7, 32, 'Lycée', NULL, NULL, '021476UR', 'Service restauration', 1),
(517, 7, 32, 'Lycée', NULL, NULL, '021476UX', 'Rattaché au gestionnaire', 1),
(518, 7, 40, 'Lycée', NULL, NULL, '021478WG', 'Service général', 1),
(519, 7, 40, 'Lycée', NULL, NULL, '021478WM', 'Service maintenance', 1),
(520, 7, 40, 'Lycée', NULL, NULL, '021478WR', 'Service Restauration', 1),
(521, 7, 40, 'Lycée', NULL, NULL, '021478WX', 'Rattaché au gestionnaire', 1),
(522, 7, 20, 'Lycée', NULL, NULL, '021479XG', 'Service général', 1),
(523, 7, 20, 'Lycée', NULL, NULL, '021479XR', 'Service Restauration', 1),
(524, 7, 20, 'Lycée', NULL, NULL, '021479XX', 'Rattaché au gestionnaire', 1),
(525, 7, 19, 'Lycée', NULL, NULL, '021522UX', 'Rattaché au gestionnaire', 1),
(526, 7, 15, 'Lycée', NULL, NULL, '021523VX', 'Rattaché au gestionnaire', 1),
(527, 7, 13, 'Lycée', NULL, NULL, '021939XM', 'Service maintenance', 1),
(528, 7, 13, 'Lycée', NULL, NULL, '021939XX', 'Rattaché au gestionnaire', 1),
(529, 7, 44, 'Lycée', NULL, NULL, '021946EG', 'Service Général', 1),
(530, 7, 44, 'Lycée', NULL, NULL, '021946EM', 'Service maintenance', 1),
(531, 7, 44, 'Lycée', NULL, NULL, '021946ER', 'Service Restauration', 1),
(532, 7, 44, 'Lycée', NULL, NULL, '021946EX', 'Rattaché au gestionnaire', 1),
(533, 7, 9, 'Lycée', NULL, NULL, '022008XG', 'Service général', 1),
(534, 7, 9, 'Lycée', NULL, NULL, '022008XM', 'Service maintenance', 1),
(535, 7, 9, 'Lycée', NULL, NULL, '022008XX', 'Rattaché au gestionnaire', 1),
(536, 7, 35, 'Lycée', NULL, NULL, '022042JG', 'Service général', 1),
(537, 7, 35, 'Lycée', NULL, NULL, '022042JM', 'Service maintenance', 1),
(538, 7, 35, 'Lycée', NULL, NULL, '022042JX', 'Rattaché au gestionnaire', 1),
(539, 7, 30, 'Lycée', NULL, NULL, '022044LG', 'Service Général', 1),
(540, 7, 30, 'Lycée', NULL, NULL, '022044LM', 'Service maintenance', 1),
(541, 7, 30, 'Lycée', NULL, NULL, '022044LR', 'Service Restauration', 1),
(542, 7, 30, 'Lycée', NULL, NULL, '022044LX', 'Rattaché au gestionnaire', 1),
(552, 7, 372, 'Siège', NULL, NULL, '11A005', 'Service vidéo', 1),
(553, 7, 372, 'Siège', NULL, NULL, '11A006', 'Service digital', 1),
(554, 7, 372, 'Siège', NULL, NULL, '11A007', 'Service événementiel', 1),
(555, 7, 372, 'Siège', NULL, NULL, '11A008', 'Service presse', 1),
(560, 7, 373, 'Siège', NULL, NULL, '11B001', 'Service interface institutionnel', 1),
(561, 7, 373, 'Siège', NULL, NULL, '11B002', 'Service fichier', 1),
(562, 7, 374, 'Siège', NULL, NULL, '20A003', 'Service instances', 1),
(563, 7, 374, 'Siège', NULL, NULL, '20A004', 'Service élus', 1),
(569, 7, 419, 'Siège', NULL, NULL, '20BB01', 'Service santé', 1),
(570, 7, 419, 'Siège', NULL, NULL, '20BB02', 'Service accompagnement social', 1),
(574, 7, 420, 'Siège', NULL, NULL, '20BC03', 'Service mobilité et recrutement lycées et CREPS', 1),
(575, 7, 420, 'Siège', NULL, NULL, '20BC04', 'Services mobilité et recrutement services et ports', 1),
(576, 7, 421, 'Siège', NULL, NULL, '20BD01', 'Service carrière et paie services et ports', 1),
(577, 7, 421, 'Siège', NULL, NULL, '20BD02', 'Service carrière et paie lycées et CREPS', 1),
(578, 7, 421, 'Siège', NULL, NULL, '20BD03', 'Service retraite', 1),
(579, 7, 362, 'Siège', NULL, NULL, '300001', 'Service coordination de pôle', 1),
(580, 7, 377, 'Siège', NULL, NULL, '30A001', 'Service de l\'inventaire', 1),
(581, 7, 377, 'Siège', NULL, NULL, '30A002', 'Service arts visuels, CSTI musées et patrimoine', 1),
(582, 7, 377, 'Siège', NULL, NULL, '30A003', 'Service cinéma, musiques, livres, numérique', 1),
(583, 7, 377, 'Siège', NULL, NULL, '30A004', 'Service spectacle vivant', 1),
(584, 7, 422, 'Siège', NULL, NULL, '30AA01', 'Service administratif et financier', 1),
(585, 7, 422, 'Siège', NULL, NULL, '30AA03', 'Service thématiques transversales', 1),
(586, 7, 378, 'Siège', NULL, NULL, '30B001', 'Service administratif et financier', 1),
(587, 7, 378, 'Siège', NULL, NULL, '30B002', 'Service sports', 1),
(588, 7, 378, 'Siège', NULL, NULL, '30B003', 'Service jeunesse et vie associative', 1),
(589, 7, 363, 'Siège', NULL, NULL, '310002', 'Service coordination de pôle', 1),
(590, 7, 294, 'Siège', NULL, NULL, '31A002', 'Service innovation et stratégies', 1),
(591, 7, 424, 'Siège', NULL, NULL, '31AB02', 'Service exploitation', 1),
(592, 7, 337, 'Siège', NULL, NULL, '31BA01', 'Service financement des établissements', 1),
(593, 7, 403, 'Siège', NULL, NULL, '31C001', 'Service infocentre', 1),
(594, 7, 425, 'Siège', NULL, NULL, '31DA01', 'Service administratif et financier', 1),
(595, 7, 425, 'Siège', NULL, NULL, '31DA02', 'Service procédures réglementaires', 1),
(596, 7, 426, 'Siège', NULL, NULL, '31DB01', 'Service régie Nord-Ouest', 1),
(597, 7, 426, 'Siège', NULL, NULL, '31DB02', 'Service régie Nord-Est', 1),
(598, 7, 426, 'Siège', NULL, NULL, '31DB03', 'Service Régie Sud', 1),
(599, 7, 427, 'Siège', NULL, NULL, '31DC01', 'Antenne territoriale 1 Lille', 1),
(600, 7, 427, 'Siège', NULL, NULL, '31DC02', 'Antenne territoriale 2 Tourcoing', 1),
(601, 7, 427, 'Siège', NULL, NULL, '31DC03', 'Antenne territoriale 3 Arras', 1),
(602, 7, 427, 'Siège', NULL, NULL, '31DC04', 'Antenne territoriale 4 Valenciennes', 1),
(603, 7, 427, 'Siège', NULL, NULL, '31DC05', 'Antenne territoriale 5 Lens', 1),
(604, 7, 427, 'Siège', NULL, NULL, '31DC06', 'Antenne territoriale 6 Boulogne', 1),
(605, 7, 427, 'Siège', NULL, NULL, '31DC07', 'Antenne territoriale 7 Amiens', 1),
(606, 7, 427, 'Siège', NULL, NULL, '31DC08', 'Antenne territoriale 8 Clermont', 1),
(607, 7, 427, 'Siège', '02', 'LAON', '31DC09', 'Antenne territoriale 9 Laon', 1),
(608, 7, 428, 'Siège', NULL, NULL, '31DD01', 'Service programmation études', 1),
(609, 7, 428, 'Siège', NULL, NULL, '31DD02', 'Service équipements', 1);
INSERT INTO `structure` (`id`, `structure_type_id`, `pere_structure_id`, `type`, `departement`, `ville`, `code`, `libelle`, `actif`) VALUES
(610, 7, 364, 'Siège', NULL, NULL, '320001', 'Service coordination de pôle', 1),
(611, 7, 379, 'Siège', NULL, NULL, '32A001', 'Service administratif et financier', 1),
(612, 7, 429, 'Siège', NULL, NULL, '32AA01', 'Service appui et mobilité', 1),
(613, 7, 429, 'Siège', NULL, NULL, '32AA02', 'Service infrastructures ferroviaires', 1),
(614, 7, 429, 'Siège', NULL, NULL, '32AA03', 'Service infrastructures logistiques', 1),
(615, 7, 430, 'Siège', NULL, NULL, '32AB01', 'Service relations avec les usagers', 1),
(616, 7, 430, 'Siège', NULL, NULL, '32AB02', 'Service exploitation', 1),
(617, 7, 430, 'Siège', NULL, NULL, '32AB03', 'Service convention', 1),
(618, 7, 4, 'Port', NULL, NULL, '32B001', 'Service administratif et financier', 1),
(619, 7, 431, 'Port', NULL, NULL, '32BA01', 'Service interface usagers et coordination', 1),
(620, 7, 431, 'Port', NULL, NULL, '32BA02', 'Service maintenance des équipements', 1),
(621, 7, 431, 'Port', NULL, NULL, '32BA03', 'Service maintenance des infrastructures', 1),
(622, 7, 432, 'Port', NULL, NULL, '32BB01', 'Service gestion patrimoniale et programmation', 1),
(623, 7, 432, 'Port', NULL, NULL, '32BB02', 'Service ingénierie', 1),
(624, 7, 433, 'Port', NULL, NULL, '32BC01', 'Service concessions et domanial', 1),
(625, 7, 433, 'Port', NULL, NULL, '32BC02', 'Service mer et littoral', 1),
(626, 7, 405, 'Siège', NULL, NULL, '32D001', 'Service administratif et financier', 1),
(627, 7, 434, 'Siège', NULL, NULL, '32DA01', 'Service exploitation du réseau et gestion financière', 1),
(628, 7, 434, 'Siège', NULL, NULL, '32DA02', 'Service relations avec les usagers', 1),
(629, 7, 435, 'Siège', NULL, NULL, '32DB01', 'Service gestion et relation avec les usagers', 1),
(630, 7, 435, 'Siège', NULL, NULL, '32DB02', 'Service exploitation du réseau et de loffre de transport', 1),
(631, 7, 437, 'Siège', NULL, NULL, '32DD01', 'Service exploitation et gestion', 1),
(632, 7, 438, 'Siège', NULL, NULL, '32DE01', 'Service gestion financière et relations usagers', 1),
(633, 7, 365, 'Siège', NULL, NULL, '330001', 'Service coordination de pôle', 1),
(634, 7, 381, 'Siège', NULL, NULL, '33A001', 'Service observation et prospective', 1),
(635, 7, 381, 'Siège', NULL, NULL, '33A002', 'Service système d\'information géographique et appui à la connaissance', 1),
(636, 7, 381, 'Siège', NULL, NULL, '33A003', 'Service aménagement régional', 1),
(637, 7, 381, 'Siège', NULL, NULL, '33A004', 'Service contractualisations et appui à l\'action territoriale', 1),
(639, 7, 382, 'Siège', NULL, NULL, '33B002', 'Service administratif et financier', 1),
(640, 7, 382, 'Siège', NULL, NULL, '33B003', 'Service logement et habitat', 1),
(641, 7, 382, 'Siège', NULL, NULL, '33B004', 'Service cohésion sociale et urbaine', 1),
(642, 7, 382, 'Siège', NULL, NULL, '33B005', 'Service aménagement et appui aux territoires', 1),
(643, 7, 382, 'Siège', NULL, NULL, '33B006', 'Service dynamiques rurales', 1),
(644, 7, 382, 'Siège', NULL, NULL, '33B007', 'Mission attractivité cur de ville', 1),
(648, 7, 383, 'Siège', NULL, NULL, '33C001', 'Service administratif et financier', 1),
(649, 7, 383, 'Siège', NULL, NULL, '33C002', 'Service milieux naturels eau et paysages', 1),
(650, 7, 383, 'Siège', NULL, NULL, '33C003', 'Service connaissance et éco-citoyenneté', 1),
(655, 7, 406, 'Siège', NULL, NULL, '33E001', 'Service administratif et financier', 1),
(656, 7, 406, 'Siège', NULL, NULL, '33E002', 'Service FEADER', 1),
(657, 7, 406, 'Siège', NULL, NULL, '33E003', 'Service agriculture performance', 1),
(658, 7, 406, 'Siège', NULL, NULL, '33E004', 'Service agriculture filières', 1),
(659, 7, 407, 'Siège', NULL, NULL, '33F001', 'Service administratif et financier', 1),
(660, 7, 366, 'Siège', NULL, NULL, '340002', 'Service coordination de pôle', 1),
(661, 7, 440, 'Siège', NULL, NULL, '34AA01', 'Service programmes régionaux de formation et d\'orientation', 1),
(662, 7, 440, 'Siège', NULL, NULL, '34AA02', 'Service publics et animations des territoires', 1),
(663, 7, 441, 'Siège', NULL, NULL, '34AB01', 'Service pilotage et animation partenariale', 1),
(664, 7, 441, 'Siège', NULL, NULL, '34AB02', 'Service observation évaluation', 1),
(665, 7, 441, 'Siège', NULL, NULL, '34AB03', 'Service ingénierie et innovation', 1),
(666, 7, 442, 'Siège', NULL, NULL, '34AC01', 'Service administratif et financier', 1),
(667, 7, 442, 'Siège', NULL, NULL, '34AC02', 'Service fonctions supports', 1),
(671, 7, 386, 'Siège', NULL, NULL, '34B004', 'Service administratif, financier et ressources', 1),
(672, 7, 387, 'Siège', NULL, NULL, '34C001', 'Service ingénierie et consolidation financière', 1),
(673, 7, 387, 'Siège', NULL, NULL, '34C002', 'Service appui aux ressources humaines des entreprises', 1),
(674, 7, 387, 'Siège', NULL, NULL, '34C003', 'Service relations entreprises', 1),
(675, 7, 387, 'Siège', NULL, NULL, '34C004', 'Service administratif et financier', 1),
(676, 7, 388, 'Siège', NULL, NULL, '34D001', 'Service administratif et financier', 1),
(677, 7, 388, 'Siège', NULL, NULL, '34D002', 'Service entrepreneuriat et développement territorial', 1),
(678, 7, 388, 'Siège', NULL, NULL, '34D003', 'Service filières stratégiques', 1),
(679, 7, 388, 'Siège', NULL, NULL, '34D005', 'Service développement international des entreprises et attractivité', 1),
(680, 7, 388, 'Siège', NULL, NULL, '34D007', 'Service pêche maritime et aquaculture', 1),
(681, 7, 409, 'Siège', NULL, NULL, '34J001', 'Service innovation', 1),
(682, 7, 409, 'Siège', NULL, NULL, '34J002', 'Service performance industrielle industrilab', 1),
(683, 7, 393, 'Siège', NULL, NULL, '35A001', 'Service contrôle interne et gestion administrative et financière', 1),
(684, 7, 393, 'Siège', NULL, NULL, '35A002', 'Service animation et montage de projets européens', 1),
(685, 7, 393, 'Siège', NULL, NULL, '35A003', 'Service coopération européenne', 1),
(686, 7, 393, 'Siège', NULL, NULL, '35A004', 'Service pilotage programmes régionaux Picardie', 1),
(687, 7, 393, 'Siège', NULL, NULL, '35A005', 'Service pilotage programmes régionaux Nord-Pas de Calais', 1),
(688, 7, 368, 'Siège', NULL, NULL, '400001', 'Service coordination de pôle', 1),
(689, 7, 396, 'Siège', NULL, NULL, '40A001', 'Service des systèmes d\'information des finances', 1),
(690, 7, 396, 'Siège', NULL, NULL, '40A002', 'Service préparation budgétaire et prospective', 1),
(691, 7, 396, 'Siège', NULL, NULL, '40A003', 'Service recettes', 1),
(692, 7, 396, 'Siège', NULL, NULL, '40A004', 'Service exécution comptable', 1),
(693, 7, 399, 'Siège', NULL, NULL, '40D001', 'Service administratif et financier', 1),
(694, 7, 443, 'Siège', NULL, NULL, '40DA01', 'Service développement fonctions transverses', 1),
(695, 7, 443, 'Siège', NULL, NULL, '40DA02', 'Service système d\'information métiers', 1),
(696, 7, 444, 'Siège', NULL, NULL, '40DB01', 'Service infrastructures', 1),
(697, 7, 444, 'Siège', NULL, NULL, '40DB02', 'Service usages et postes de travail', 1),
(698, 7, 369, 'Siège', NULL, NULL, '410001', 'Service coordination de pôle', 1),
(699, 7, 1, 'Siège', NULL, NULL, '41A004', 'Service documentation archives', 1),
(700, 7, 410, 'Siège', NULL, NULL, '41C001', 'Service accueil et réceptions', 1),
(701, 7, 410, 'Siège', NULL, NULL, '41C002', 'Service gestion des manifestations', 1),
(703, 7, 411, 'Siège', NULL, NULL, '41D002', 'Service de veille opérationnelle et planification', 1),
(705, 7, 412, 'Siège', NULL, NULL, '42A001', 'Service accompagnement et performance', 1),
(706, 7, 412, 'Siège', NULL, NULL, '42A002', 'Service évaluation des politiques publiques', 1),
(707, 7, 412, 'Siège', NULL, NULL, '42A003', 'Service simplification modernisation et qualité', 1),
(708, 7, 412, 'Siège', NULL, NULL, '42A004', 'Service référentiels, outils et données de pilotage', 1),
(709, 7, 413, 'Siège', NULL, NULL, '42B001', 'Service audit fonds européens', 1),
(710, 7, 413, 'Siège', NULL, NULL, '42B002', 'Service audit fonds régionaux et risques', 1),
(711, 7, 413, 'Siège', NULL, NULL, '42B003', 'Service appui aux auditeurs', 1),
(712, 7, 414, 'Siège', NULL, NULL, '42C001', 'Service information et accompagnement', 1),
(713, 7, 414, 'Siège', NULL, NULL, '42C002', 'Service gestion des aides individuelles', 1),
(714, 7, 46, 'Lycée', NULL, NULL, '590005KG', 'Service Général', 1),
(715, 7, 46, 'Lycée', NULL, NULL, '590005KM', 'Service Maintenance', 1),
(716, 7, 46, 'Lycée', NULL, NULL, '590005KR', 'Service Restauration', 1),
(717, 7, 46, 'Lycée', NULL, NULL, '590005KX', 'Rattaché au Gestionnaire', 1),
(718, 7, 49, 'Lycée', NULL, NULL, '590010RG', 'Service Général', 1),
(719, 7, 49, 'Lycée', NULL, NULL, '590010RM', 'Service Maintenance', 1),
(720, 7, 49, 'Lycée', NULL, NULL, '590010RR', 'Service Restauration', 1),
(721, 7, 49, 'Lycée', NULL, NULL, '590010RX', 'Rattaché au Gestionnaire', 1),
(722, 7, 47, 'Lycée', NULL, NULL, '590011SE', 'Service espaces verts', 1),
(723, 7, 47, 'Lycée', NULL, NULL, '590011SG', 'Service Général', 1),
(724, 7, 47, 'Lycée', NULL, NULL, '590011SM', 'Service Maintenance', 1),
(725, 7, 47, 'Lycée', NULL, NULL, '590011SR', 'Service Restauration', 1),
(726, 7, 47, 'Lycée', NULL, NULL, '590011SS', 'Service sécurité', 1),
(727, 7, 47, 'Lycée', NULL, NULL, '590011SX', 'Rattaché au Gestionnaire', 1),
(728, 7, 51, 'Lycée', NULL, NULL, '590015WG', 'Service Général', 1),
(729, 7, 51, 'Lycée', NULL, NULL, '590015WM', 'Service Maintenance', 1),
(730, 7, 51, 'Lycée', NULL, NULL, '590015WX', 'Rattaché au Gestionnaire', 1),
(731, 7, 52, 'Lycée', NULL, NULL, '590018ZG', 'Service Général', 1),
(732, 7, 52, 'Lycée', NULL, NULL, '590018ZM', 'Service Maintenance', 1),
(733, 7, 52, 'Lycée', NULL, NULL, '590018ZR', 'Service Restauration', 1),
(734, 7, 52, 'Lycée', NULL, NULL, '590018ZX', 'Rattaché au Gestionnaire', 1),
(735, 7, 53, 'Lycée', NULL, NULL, '590024FG', 'Service Général', 1),
(736, 7, 53, 'Lycée', NULL, NULL, '590024FM', 'Service Maintenance', 1),
(737, 7, 53, 'Lycée', NULL, NULL, '590024FR', 'Service Restauration', 1),
(738, 7, 53, 'Lycée', NULL, NULL, '590024FX', 'Rattaché au Gestionnaire', 1),
(739, 7, 56, 'Lycée', NULL, NULL, '590034SG', 'Service Général', 1),
(740, 7, 56, 'Lycée', NULL, NULL, '590034SM', 'Service Maintenance', 1),
(741, 7, 56, 'Lycée', NULL, NULL, '590034SR', 'Service Restauration', 1),
(742, 7, 56, 'Lycée', NULL, NULL, '590034SX', 'Rattaché au Gestionnaire', 1),
(743, 7, 57, 'Lycée', NULL, NULL, '590035TG', 'Service Général', 1),
(744, 7, 57, 'Lycée', NULL, NULL, '590035TM', 'Service Maintenance', 1),
(745, 7, 57, 'Lycée', NULL, NULL, '590035TR', 'Service Restauration', 1),
(746, 7, 57, 'Lycée', NULL, NULL, '590035TX', 'Rattaché au Gestionnaire', 1),
(747, 7, 97, 'Lycée', NULL, NULL, '590042AG', 'Service Général', 1),
(748, 7, 97, 'Lycée', NULL, NULL, '590042AM', 'Service Maintenance', 1),
(749, 7, 97, 'Lycée', NULL, NULL, '590042AR', 'Service Restauration', 1),
(750, 7, 97, 'Lycée', NULL, NULL, '590042AX', 'Rattaché au Gestionnaire', 1),
(751, 7, 58, 'Lycée', NULL, NULL, '590044CG', 'Service Général', 1),
(752, 7, 58, 'Lycée', NULL, NULL, '590044CM', 'Service Maintenance', 1),
(753, 7, 58, 'Lycée', NULL, NULL, '590044CR', 'Service Restauration', 1),
(754, 7, 58, 'Lycée', NULL, NULL, '590044CX', 'Rattaché au Gestionnaire', 1),
(755, 7, 62, 'Lycée', NULL, NULL, '590060VG', 'Service Général', 1),
(756, 7, 62, 'Lycée', NULL, NULL, '590060VM', 'Service Maintenance', 1),
(757, 7, 62, 'Lycée', NULL, NULL, '590060VR', 'Service Restauration', 1),
(758, 7, 62, 'Lycée', NULL, NULL, '590060VX', 'Rattaché au Gestionnaire', 1),
(759, 7, 65, 'Lycée', NULL, NULL, '590063YG', 'Service Général', 1),
(760, 7, 65, 'Lycée', NULL, NULL, '590063YM', 'Service Maintenance', 1),
(761, 7, 65, 'Lycée', NULL, NULL, '590063YR', 'Service Restauration', 1),
(762, 7, 65, 'Lycée', NULL, NULL, '590063YX', 'Rattaché au Gestionnaire', 1),
(763, 7, 66, 'Lycée', NULL, NULL, '590064ZG', 'Service Général', 1),
(764, 7, 66, 'Lycée', NULL, NULL, '590064ZM', 'Service Maintenance', 1),
(765, 7, 66, 'Lycée', NULL, NULL, '590064ZR', 'Service Restauration', 1),
(766, 7, 66, 'Lycée', NULL, NULL, '590064ZX', 'Rattaché au Gestionnaire', 1),
(767, 7, 68, 'Lycée', NULL, NULL, '590065AG', 'Service Général', 1),
(768, 7, 68, 'Lycée', NULL, NULL, '590065AM', 'Service Maintenance', 1),
(769, 7, 68, 'Lycée', NULL, NULL, '590065AR', 'Service Restauration (Edmond Labbé)', 1),
(770, 7, 68, 'Lycée', NULL, NULL, '590065AS', 'Service Restauration (Brebières)', 1),
(771, 7, 68, 'Lycée', NULL, NULL, '590065AX', 'Rattaché au Gestionnaire', 1),
(772, 7, 74, 'Lycée', NULL, NULL, '590071GG', 'Service Général', 1),
(773, 7, 74, 'Lycée', NULL, NULL, '590071GM', 'Service Maintenance', 1),
(774, 7, 74, 'Lycée', NULL, NULL, '590071GR', 'Service Restauration', 1),
(775, 7, 74, 'Lycée', NULL, NULL, '590071GX', 'Rattaché au gestionnaire', 1),
(776, 7, 76, 'Lycée', NULL, NULL, '590072HG', 'Service Général', 1),
(777, 7, 76, 'Lycée', NULL, NULL, '590072HM', 'Service Maintenance', 1),
(778, 7, 76, 'Lycée', NULL, NULL, '590072HR', 'Service Restauration', 1),
(779, 7, 76, 'Lycée', NULL, NULL, '590072HX', 'Rattaché au Gestionnaire', 1),
(780, 7, 73, 'Lycée', NULL, NULL, '590073JG', 'Service Général', 1),
(781, 7, 73, 'Lycée', NULL, NULL, '590073JM', 'Service Maintenance', 1),
(782, 7, 73, 'Lycée', NULL, NULL, '590073JR', 'Service Restauration', 1),
(783, 7, 73, 'Lycée', NULL, NULL, '590073JX', 'Rattaché au Gestionnaire', 1),
(784, 7, 81, 'Lycée', NULL, NULL, '590083VG', 'Service Général', 1),
(785, 7, 81, 'Lycée', NULL, NULL, '590083VM', 'Service Maintenance', 1),
(786, 7, 81, 'Lycée', NULL, NULL, '590083VR', 'Service Restauration', 1),
(787, 7, 81, 'Lycée', NULL, NULL, '590083VX', 'Rattaché au Gestionnaire', 1),
(788, 7, 83, 'Lycée', NULL, NULL, '590086YG', 'Service Général', 1),
(789, 7, 83, 'Lycée', NULL, NULL, '590086YM', 'Service Maintenance', 1),
(790, 7, 83, 'Lycée', NULL, NULL, '590086YR', 'Service Restauration', 1),
(791, 7, 83, 'Lycée', NULL, NULL, '590086YX', 'Rattaché au Gestionnaire', 1),
(792, 7, 88, 'Lycée', NULL, NULL, '590093FG', 'Service Général', 1),
(793, 7, 88, 'Lycée', NULL, NULL, '590093FM', 'Service Maintenance', 1),
(794, 7, 88, 'Lycée', NULL, NULL, '590093FR', 'Service Restauration', 1),
(795, 7, 88, 'Lycée', NULL, NULL, '590093FX', 'Rattaché au Gestionnaire', 1),
(796, 7, 89, 'Lycée', NULL, NULL, '590098LG', 'Service Général', 1),
(797, 7, 89, 'Lycée', NULL, NULL, '590098LM', 'Service Maintenance', 1),
(798, 7, 89, 'Lycée', NULL, NULL, '590098LR', 'Service Restauration', 1),
(799, 7, 89, 'Lycée', NULL, NULL, '590098LX', 'Rattaché au Gestionnaire', 1),
(800, 7, 90, 'Lycée', NULL, NULL, '590101PG', 'Service Général', 1),
(801, 7, 90, 'Lycée', NULL, NULL, '590101PM', 'Service maintenance', 1),
(802, 7, 90, 'Lycée', NULL, NULL, '590101PR', 'Service Restauration', 1),
(803, 7, 90, 'Lycée', NULL, NULL, '590101PX', 'Rattaché au Gestionnaire', 1),
(804, 7, 95, 'Lycée', NULL, NULL, '590110ZG', 'Service Général', 1),
(805, 7, 95, 'Lycée', NULL, NULL, '590110ZM', 'Service Maintenance', 1),
(806, 7, 95, 'Lycée', NULL, NULL, '590110ZR', 'Service Restauration', 1),
(807, 7, 95, 'Lycée', NULL, NULL, '590110ZX', 'Rattaché au Gestionnaire', 1),
(808, 7, 110, 'Lycée', NULL, NULL, '590111AG', 'Service Général', 1),
(809, 7, 110, 'Lycée', NULL, NULL, '590111AM', 'Service Maintenance', 1),
(810, 7, 110, 'Lycée', NULL, NULL, '590111AR', 'Service Restauration', 1),
(811, 7, 110, 'Lycée', NULL, NULL, '590111AX', 'Rattaché au Gestionnaire', 1),
(812, 7, 96, 'Lycée', NULL, NULL, '590112BG', 'Service Général', 1),
(813, 7, 96, 'Lycée', NULL, NULL, '590112BM', 'Service Maintenance', 1),
(814, 7, 96, 'Lycée', NULL, NULL, '590112BR', 'Service Restauration', 1),
(815, 7, 96, 'Lycée', NULL, NULL, '590112BX', 'Rattaché au Gestionnaire', 1),
(816, 7, 106, 'Lycée', NULL, NULL, '590116FG', 'Service Général', 1),
(817, 7, 106, 'Lycée', NULL, NULL, '590116FM', 'Service Maintenance', 1),
(818, 7, 106, 'Lycée', NULL, NULL, '590116FR', 'Service Restauration', 1),
(819, 7, 106, 'Lycée', NULL, NULL, '590116FX', 'Rattaché au Gestionnaire', 1),
(820, 7, 108, 'Lycée', NULL, NULL, '590117GG', 'Service Général', 1),
(821, 7, 108, 'Lycée', NULL, NULL, '590117GM', 'Service Maintenance', 1),
(822, 7, 108, 'Lycée', NULL, NULL, '590117GR', 'Service Restauration', 1),
(823, 7, 108, 'Lycée', NULL, NULL, '590117GX', 'Rattaché au Gestionnaire', 1),
(824, 7, 105, 'Lycée', NULL, NULL, '590119JG', 'Service Général', 1),
(825, 7, 105, 'Lycée', NULL, NULL, '590119JM', 'Service Maintenance', 1),
(826, 7, 105, 'Lycée', NULL, NULL, '590119JR', 'Service restauration', 1),
(827, 7, 105, 'Lycée', NULL, NULL, '590119JX', 'Rattaché au Gestionnaire', 1),
(828, 7, 100, 'Lycée', NULL, NULL, '590121LG', 'Service Général', 1),
(829, 7, 100, 'Lycée', NULL, NULL, '590121LM', 'Service Maintenance', 1),
(830, 7, 100, 'Lycée', NULL, NULL, '590121LR', 'Service Restauration', 1),
(831, 7, 100, 'Lycée', NULL, NULL, '590121LX', 'Rattaché au Gestionnaire', 1),
(832, 7, 94, 'Lycée', NULL, NULL, '590122MG', 'Service Général', 1),
(833, 7, 94, 'Lycée', NULL, NULL, '590122MM', 'Service Maintenance', 1),
(834, 7, 94, 'Lycée', NULL, NULL, '590122MR', 'Service Restauration', 1),
(835, 7, 94, 'Lycée', NULL, NULL, '590122MX', 'Rattaché au Gestionnaire', 1),
(836, 7, 109, 'Lycée', NULL, NULL, '590125RG', 'Service Général', 1),
(837, 7, 109, 'Lycée', NULL, NULL, '590125RM', 'Service Maintenance', 1),
(838, 7, 109, 'Lycée', NULL, NULL, '590125RR', 'Service Restauration', 1),
(839, 7, 109, 'Lycée', NULL, NULL, '590125RX', 'Rattaché au Gestionnaire', 1),
(840, 7, 114, 'Lycée', NULL, NULL, '590133ZG', 'Service Général', 1),
(841, 7, 114, 'Lycée', NULL, NULL, '590133ZM', 'Service Maintenance', 1),
(842, 7, 114, 'Lycée', NULL, NULL, '590133ZR', 'Service Restauration', 1),
(843, 7, 114, 'Lycée', NULL, NULL, '590133ZX', 'Rattaché au Gestionnaire', 1),
(844, 7, 117, 'Lycée', NULL, NULL, '590143KG', 'Service Général', 1),
(845, 7, 117, 'Lycée', NULL, NULL, '590143KM', 'Service Maintenance', 1),
(846, 7, 117, 'Lycée', NULL, NULL, '590143KR', 'Service Restauration', 1),
(847, 7, 117, 'Lycée', NULL, NULL, '590143KX', 'Rattaché au Gestionnaire', 1),
(848, 7, 119, 'Lycée', NULL, NULL, '590144LG', 'Service Général', 1),
(849, 7, 119, 'Lycée', NULL, NULL, '590144LM', 'Service Maintenance', 1),
(850, 7, 119, 'Lycée', NULL, NULL, '590144LR', 'Service Restauration', 1),
(851, 7, 119, 'Lycée', NULL, NULL, '590144LX', 'Rattaché au Gestionnaire', 1),
(852, 7, 120, 'Lycée', NULL, NULL, '590149SG', 'Service Général', 1),
(853, 7, 120, 'Lycée', NULL, NULL, '590149SM', 'Service Maintenance', 1),
(854, 7, 120, 'Lycée', NULL, NULL, '590149SR', 'Service Restauration', 1),
(855, 7, 120, 'Lycée', NULL, NULL, '590149SX', 'Rattaché au Gestionnaire', 1),
(856, 7, 99, 'Lycée', NULL, NULL, '590168MG', 'Service Général', 1),
(857, 7, 99, 'Lycée', NULL, NULL, '590168MM', 'Service Maintenance', 1),
(858, 7, 99, 'Lycée', NULL, NULL, '590168MR', 'Service Restauration', 1),
(859, 7, 99, 'Lycée', NULL, NULL, '590168MX', 'Rattaché au Gestionnaire', 1),
(860, 7, 128, 'Lycée', NULL, NULL, '590181BG', 'Service Général', 1),
(861, 7, 128, 'Lycée', NULL, NULL, '590181BM', 'Service Maintenance', 1),
(862, 7, 128, 'Lycée', NULL, NULL, '590181BR', 'Service Restauration', 1),
(863, 7, 128, 'Lycée', NULL, NULL, '590181BX', 'Rattaché au Gestionnaire', 1),
(864, 7, 124, 'Lycée', NULL, NULL, '590182CG', 'Service Général', 1),
(865, 7, 124, 'Lycée', NULL, NULL, '590182CM', 'Service Maintenance', 1),
(866, 7, 124, 'Lycée', NULL, NULL, '590182CR', 'Service Restauration', 1),
(867, 7, 124, 'Lycée', NULL, NULL, '590182CX', 'Rattaché au Gestionnaire', 1),
(868, 7, 130, 'Lycée', NULL, NULL, '590184EG', 'Service général', 1),
(869, 7, 130, 'Lycée', NULL, NULL, '590184EM', 'Service maintenance', 1),
(870, 7, 130, 'Lycée', NULL, NULL, '590184ER', 'Service Restauration', 1),
(871, 7, 130, 'Lycée', NULL, NULL, '590184EX', 'Rattaché au Gestionnaire', 1),
(872, 7, 129, 'Lycée', NULL, NULL, '590185FG', 'Service Général', 1),
(873, 7, 129, 'Lycée', NULL, NULL, '590185FM', 'Service Maintenance', 1),
(874, 7, 129, 'Lycée', NULL, NULL, '590185FR', 'Service Restauration', 1),
(875, 7, 129, 'Lycée', NULL, NULL, '590185FX', 'Rattaché au Gestionnaire', 1),
(876, 7, 131, 'Lycée', NULL, NULL, '590186GG', 'Service Général', 1),
(877, 7, 131, 'Lycée', NULL, NULL, '590186GM', 'Service Maintenance', 1),
(878, 7, 131, 'Lycée', NULL, NULL, '590186GR', 'Service Restauration', 1),
(879, 7, 131, 'Lycée', NULL, NULL, '590186GX', 'Rattaché au Gestionnaire', 1),
(880, 7, 127, 'Lycée', NULL, NULL, '590187HG', 'Service Général', 1),
(881, 7, 127, 'Lycée', NULL, NULL, '590187HM', 'Service Maintenance', 1),
(882, 7, 127, 'Lycée', NULL, NULL, '590187HR', 'Service Restauration', 1),
(883, 7, 127, 'Lycée', NULL, NULL, '590187HX', 'Rattaché au Gestionnaire', 1),
(884, 7, 126, 'Lycée', NULL, NULL, '590189KG', 'Service Général', 1),
(885, 7, 126, 'Lycée', NULL, NULL, '590189KM', 'Service Maintenance', 1),
(886, 7, 126, 'Lycée', NULL, NULL, '590189KR', 'Service Restauration', 1),
(887, 7, 126, 'Lycée', NULL, NULL, '590189KX', 'Rattaché au Gestionnaire', 1),
(888, 7, 132, 'Lycée', NULL, NULL, '590192NG', 'Service Général', 1),
(889, 7, 132, 'Lycée', NULL, NULL, '590192NM', 'Service Maintenance', 1),
(890, 7, 132, 'Lycée', NULL, NULL, '590192NR', 'Service Restauration', 1),
(891, 7, 132, 'Lycée', NULL, NULL, '590192NX', 'Rattaché au Gestionnaire', 1),
(892, 7, 78, 'Lycée', NULL, NULL, '590198VG', 'Service Général', 1),
(893, 7, 78, 'Lycée', NULL, NULL, '590198VM', 'Service Maintenance', 1),
(894, 7, 78, 'Lycée', NULL, NULL, '590198VR', 'Service restauration', 1),
(895, 7, 78, 'Lycée', NULL, NULL, '590198VX', 'Rattaché au Gestionnaire', 1),
(896, 7, 137, 'Lycée', NULL, NULL, '590207EG', 'Service Général', 1),
(897, 7, 137, 'Lycée', NULL, NULL, '590207EM', 'Service Maintenance', 1),
(898, 7, 137, 'Lycée', NULL, NULL, '590207ER', 'Service Restauration', 1),
(899, 7, 137, 'Lycée', NULL, NULL, '590207EX', 'Rattaché au Gestionnaire', 1),
(900, 7, 140, 'Lycée', NULL, NULL, '590212KG', 'Service Général', 1),
(901, 7, 140, 'Lycée', NULL, NULL, '590212KM', 'Service Maintenance', 1),
(902, 7, 140, 'Lycée', NULL, NULL, '590212KR', 'Service Restauration', 1),
(903, 7, 140, 'Lycée', NULL, NULL, '590212KX', 'Rattaché au Gestionnaire', 1),
(904, 7, 138, 'Lycée', NULL, NULL, '590214MG', 'Service Général', 1),
(905, 7, 138, 'Lycée', NULL, NULL, '590214MM', 'Service Maintenance', 1),
(906, 7, 138, 'Lycée', NULL, NULL, '590214MR', 'Service Restauration', 1),
(907, 7, 138, 'Lycée', NULL, NULL, '590214MX', 'Rattaché au Gestionnaire', 1),
(908, 7, 141, 'Lycée', NULL, NULL, '590215NG', 'Service Général', 1),
(909, 7, 141, 'Lycée', NULL, NULL, '590215NM', 'Service Maintenance', 1),
(910, 7, 141, 'Lycée', NULL, NULL, '590215NR', 'Service Restauration', 1),
(911, 7, 141, 'Lycée', NULL, NULL, '590215NX', 'Rattaché au Gestionnaire', 1),
(912, 7, 139, 'Lycée', NULL, NULL, '590216PG', 'Service Général', 1),
(913, 7, 139, 'Lycée', NULL, NULL, '590216PM', 'Service Maintenance', 1),
(914, 7, 139, 'Lycée', NULL, NULL, '590216PR', 'Service Restauration', 1),
(915, 7, 139, 'Lycée', NULL, NULL, '590216PX', 'Rattaché au Gestionnaire', 1),
(916, 7, 147, 'Lycée', NULL, NULL, '590221VG', 'Service Général', 1),
(917, 7, 147, 'Lycée', NULL, NULL, '590221VM', 'Service Maintenance', 1),
(918, 7, 147, 'Lycée', NULL, NULL, '590221VR', 'Service Restauration', 1),
(919, 7, 147, 'Lycée', NULL, NULL, '590221VX', 'Rattaché au Gestionnaire', 1),
(920, 7, 148, 'Lycée', NULL, NULL, '590222WG', 'Service Général', 1),
(921, 7, 148, 'Lycée', NULL, NULL, '590222WM', 'Service Maintenance', 1),
(922, 7, 148, 'Lycée', NULL, NULL, '590222WR', 'Service Restauration', 1),
(923, 7, 148, 'Lycée', NULL, NULL, '590222WX', 'Rattaché au Gestionnaire', 1),
(924, 7, 144, 'Lycée', NULL, NULL, '590223XG', 'Service Général', 1),
(925, 7, 144, 'Lycée', NULL, NULL, '590223XM', 'Service Maintenance', 1),
(926, 7, 144, 'Lycée', NULL, NULL, '590223XR', 'Service Restauration', 1),
(927, 7, 144, 'Lycée', NULL, NULL, '590223XX', 'Rattaché au Gestionnaire', 1),
(928, 7, 153, 'Lycée', NULL, NULL, '590233HG', 'Service général', 1),
(929, 7, 153, 'Lycée', NULL, NULL, '590233HM', 'Service maintenance', 1),
(930, 7, 153, 'Lycée', NULL, NULL, '590233HR', 'Service Restauration', 1),
(931, 7, 153, 'Lycée', NULL, NULL, '590233HX', 'Rattaché au Gestionnaire', 1),
(932, 7, 151, 'Lycée', NULL, NULL, '590249AG', 'Service Général', 1),
(933, 7, 151, 'Lycée', NULL, NULL, '590249AM', 'Service Maintenance', 1),
(934, 7, 151, 'Lycée', NULL, NULL, '590249AR', 'Service Restauration', 1),
(935, 7, 151, 'Lycée', NULL, NULL, '590249AX', 'Rattaché au Gestionnaire', 1),
(936, 7, 93, 'Lycée', NULL, NULL, '590252DG', 'Service Général', 1),
(937, 7, 93, 'Lycée', NULL, NULL, '590252DM', 'Service Maintenance', 1),
(938, 7, 93, 'Lycée', NULL, NULL, '590252DR', 'Service Restauration', 1),
(939, 7, 93, 'Lycée', NULL, NULL, '590252DX', 'Rattaché au Gestionnaire', 1),
(940, 7, 75, 'Lycée', NULL, NULL, '590255GG', 'Service Général', 1),
(941, 7, 75, 'Lycée', NULL, NULL, '590255GM', 'Service Maintenance', 1),
(942, 7, 75, 'Lycée', NULL, NULL, '590255GR', 'Service Restauration', 1),
(943, 7, 75, 'Lycée', NULL, NULL, '590255GX', 'Rattaché au Gestionnaire', 1),
(944, 7, 48, 'Lycée', NULL, NULL, '590257JG', 'Service Général', 1),
(945, 7, 48, 'Lycée', NULL, NULL, '590257JM', 'Service Maintenance', 1),
(946, 7, 48, 'Lycée', NULL, NULL, '590257JR', 'Service Restauration', 1),
(947, 7, 48, 'Lycée', NULL, NULL, '590257JX', 'Rattaché au Gestionnaire', 1),
(948, 7, 102, 'Lycée', NULL, NULL, '590258KG', 'Service Général', 1),
(949, 7, 102, 'Lycée', NULL, NULL, '590258KM', 'Service Maintenance', 1),
(950, 7, 102, 'Lycée', NULL, NULL, '590258KR', 'Service Restauration', 1),
(951, 7, 102, 'Lycée', NULL, NULL, '590258KX', 'Rattaché au Gestionnaire', 1),
(952, 7, 60, 'Lycée', NULL, NULL, '590263RG', 'Service Général', 1),
(953, 7, 60, 'Lycée', NULL, NULL, '590263RM', 'Service Maintenance', 1),
(954, 7, 60, 'Lycée', NULL, NULL, '590263RR', 'Service Restauration', 1),
(955, 7, 60, 'Lycée', NULL, NULL, '590263RX', 'Rattaché au Gestionnaire', 1),
(956, 7, 64, 'Lycée', NULL, NULL, '590282LG', 'Service général', 1),
(957, 7, 64, 'Lycée', NULL, NULL, '590282LM', 'Service maintenance', 1),
(958, 7, 64, 'Lycée', NULL, NULL, '590282LR', 'Service Restauration', 1),
(959, 7, 64, 'Lycée', NULL, NULL, '590282LX', 'Rattaché au Gestionnaire', 1),
(960, 7, 296, 'Lycée', NULL, NULL, '590302HG', 'Service général', 1),
(961, 7, 296, 'Lycée', NULL, NULL, '590302HM', 'Service maintenance', 1),
(962, 7, 296, 'Lycée', NULL, NULL, '590302HX', 'Rattaché au gestionnaire', 1),
(963, 7, 67, 'Lycée', NULL, NULL, '590382VG', 'Service Général', 1),
(964, 7, 67, 'Lycée', NULL, NULL, '590382VM', 'Service Maintenance', 1),
(965, 7, 67, 'Lycée', NULL, NULL, '590382VR', 'Service restauration', 1),
(966, 7, 67, 'Lycée', NULL, NULL, '590382VX', 'Rattaché au Gestionnaire', 1),
(967, 7, 104, 'Lycée', NULL, NULL, '591613HG', 'Service Général', 1),
(968, 7, 104, 'Lycée', NULL, NULL, '591613HM', 'Service Maintenance', 1),
(969, 7, 104, 'Lycée', NULL, NULL, '591613HR', 'Service Restauration', 1),
(970, 7, 104, 'Lycée', NULL, NULL, '591613HX', 'Rattaché au Gestionnaire', 1),
(971, 7, 45, 'Lycée', NULL, NULL, '592610SG', 'Service Général', 1),
(972, 7, 45, 'Lycée', NULL, NULL, '592610SM', 'Service Maintenance', 1),
(973, 7, 45, 'Lycée', NULL, NULL, '592610SR', 'Service Restauration', 1),
(974, 7, 45, 'Lycée', NULL, NULL, '592610SX', 'Rattaché au Gestionnaire', 1),
(975, 7, 55, 'Lycée', NULL, NULL, '592611TG', 'Service Général', 1),
(976, 7, 55, 'Lycée', NULL, NULL, '592611TM', 'Service Maintenance', 1),
(977, 7, 55, 'Lycée', NULL, NULL, '592611TR', 'Service Restauration', 1),
(978, 7, 55, 'Lycée', NULL, NULL, '592611TX', 'Rattaché au Gestionnaire', 1),
(979, 7, 92, 'Lycée', NULL, NULL, '592712CG', 'Service Général', 1),
(980, 7, 92, 'Lycée', NULL, NULL, '592712CM', 'Service Maintenance', 1),
(981, 7, 92, 'Lycée', NULL, NULL, '592712CR', 'Service Restauration', 1),
(982, 7, 92, 'Lycée', NULL, NULL, '592712CX', 'Rattaché au Gestionnaire', 1),
(983, 7, 133, 'Lycée', NULL, NULL, '592832HG', 'Service Général', 1),
(984, 7, 133, 'Lycée', NULL, NULL, '592832HM', 'Service Maintenance', 1),
(985, 7, 133, 'Lycée', NULL, NULL, '592832HR', 'Service restauration', 1),
(986, 7, 133, 'Lycée', NULL, NULL, '592832HX', 'Rattaché au Gestionnaire', 1),
(987, 7, 135, 'Lycée', NULL, NULL, '592833JG', 'Service Général', 1),
(988, 7, 135, 'Lycée', NULL, NULL, '592833JM', 'Service Maintenance', 1),
(989, 7, 135, 'Lycée', NULL, NULL, '592833JR', 'Service Restauration', 1),
(990, 7, 135, 'Lycée', NULL, NULL, '592833JX', 'Rattaché au Gestionnaire', 1),
(991, 7, 87, 'Lycée', NULL, NULL, '592850CG', 'Service général', 1),
(992, 7, 87, 'Lycée', NULL, NULL, '592850CM', 'Service maintenance', 1),
(993, 7, 87, 'Lycée', NULL, NULL, '592850CR', 'Service Restauration', 1),
(994, 7, 87, 'Lycée', NULL, NULL, '592850CX', 'Rattaché au Gestionnaire', 1),
(995, 7, 71, 'Lycée', NULL, NULL, '593255TG', 'Service Général', 1),
(996, 7, 71, 'Lycée', NULL, NULL, '593255TM', 'Service Maintenance', 1),
(997, 7, 71, 'Lycée', NULL, NULL, '593255TR', 'Service Restauration', 1),
(998, 7, 71, 'Lycée', NULL, NULL, '593255TX', 'Rattaché au Gestionnaire', 1),
(999, 7, 111, 'Lycée', NULL, NULL, '593395VG', 'Service Général', 1),
(1000, 7, 111, 'Lycée', NULL, NULL, '593395VM', 'Service Maintenance', 1),
(1001, 7, 111, 'Lycée', NULL, NULL, '593395VR', 'Service Restauration', 1),
(1002, 7, 111, 'Lycée', NULL, NULL, '593395VX', 'Rattaché au Gestionnaire', 1),
(1003, 7, 134, 'Lycée', NULL, NULL, '593462TG', 'Service Général', 1),
(1004, 7, 134, 'Lycée', NULL, NULL, '593462TM', 'Service Maintenance', 1),
(1005, 7, 134, 'Lycée', NULL, NULL, '593462TR', 'Service restauration', 1),
(1006, 7, 134, 'Lycée', NULL, NULL, '593462TX', 'Rattaché au Gestionnaire', 1),
(1007, 7, 154, 'Lycée', NULL, NULL, '593495DG', 'Service Général', 1),
(1008, 7, 154, 'Lycée', NULL, NULL, '593495DM', 'Service Maintenance', 1),
(1009, 7, 154, 'Lycée', NULL, NULL, '593495DR', 'Service Restauration', 1),
(1010, 7, 154, 'Lycée', NULL, NULL, '593495DX', 'Rattaché au Gestionnaire', 1),
(1011, 7, 118, 'Lycée', NULL, NULL, '594302FG', 'Service Général', 1),
(1012, 7, 118, 'Lycée', NULL, NULL, '594302FM', 'Service Maintenance', 1),
(1013, 7, 118, 'Lycée', NULL, NULL, '594302FX', 'Rattaché au Gestionnaire', 1),
(1014, 7, 149, 'Lycée', NULL, NULL, '594375KG', 'Service Général', 1),
(1015, 7, 149, 'Lycée', NULL, NULL, '594375KM', 'Service Maintenance', 1),
(1016, 7, 149, 'Lycée', NULL, NULL, '594375KR', 'Service Restauration', 1),
(1017, 7, 149, 'Lycée', NULL, NULL, '594375KX', 'Rattaché au Gestionnaire', 1),
(1018, 7, 116, 'Lycée', NULL, NULL, '594380RG', 'Service Général', 1),
(1019, 7, 116, 'Lycée', NULL, NULL, '594380RM', 'Service Maintenance', 1),
(1020, 7, 116, 'Lycée', NULL, NULL, '594380RR', 'Service Restauration', 1),
(1021, 7, 116, 'Lycée', NULL, NULL, '594380RX', 'Rattaché au Gestionnaire', 1),
(1022, 7, 125, 'Lycée', NULL, NULL, '594391CG', 'Service Général', 1),
(1023, 7, 125, 'Lycée', NULL, NULL, '594391CM', 'Service Maintenance', 1),
(1024, 7, 125, 'Lycée', NULL, NULL, '594391CR', 'Service Restauration', 1),
(1025, 7, 125, 'Lycée', NULL, NULL, '594391CX', 'Rattaché au Gestionnaire', 1),
(1026, 7, 86, 'Lycée', NULL, NULL, '594400MG', 'Service Général', 1),
(1027, 7, 86, 'Lycée', NULL, NULL, '594400MM', 'Service Maintenance', 1),
(1028, 7, 86, 'Lycée', NULL, NULL, '594400MR', 'Service Restauration', 1),
(1029, 7, 86, 'Lycée', NULL, NULL, '594400MX', 'Rattaché au Gestionnaire', 1),
(1030, 7, 122, 'Lycée', NULL, NULL, '594404SG', 'Service Général', 1),
(1031, 7, 122, 'Lycée', NULL, NULL, '594404SM', 'Service Maintenance', 1),
(1032, 7, 122, 'Lycée', NULL, NULL, '594404SR', 'Service Restauration', 1),
(1033, 7, 122, 'Lycée', NULL, NULL, '594404SX', 'Rattaché au Gestionnaire', 1),
(1034, 7, 150, 'Lycée', NULL, NULL, '594424NG', 'Service Général', 1),
(1035, 7, 150, 'Lycée', NULL, NULL, '594424NM', 'Service Maintenance', 1),
(1036, 7, 150, 'Lycée', NULL, NULL, '594424NR', 'Service Restauration', 1),
(1037, 7, 150, 'Lycée', NULL, NULL, '594424NX', 'Rattaché au Gestionnaire', 1),
(1038, 7, 50, 'Lycée', NULL, NULL, '594532FG', 'Service Général', 1),
(1039, 7, 50, 'Lycée', NULL, NULL, '594532FM', 'Service Maintenance', 1),
(1040, 7, 50, 'Lycée', NULL, NULL, '594532FR', 'Service Restauration', 1),
(1041, 7, 50, 'Lycée', NULL, NULL, '594532FX', 'Rattaché au Gestionnaire', 1),
(1042, 7, 115, 'Lycée', NULL, NULL, '594541RG', 'Service Général', 1),
(1043, 7, 115, 'Lycée', NULL, NULL, '594541RM', 'Service Maintenance', 1),
(1044, 7, 115, 'Lycée', NULL, NULL, '594541RR', 'Service Restauration', 1),
(1045, 7, 115, 'Lycée', NULL, NULL, '594541RX', 'Rattaché au Gestionnaire', 1),
(1046, 7, 85, 'Lycée', NULL, NULL, '594652LG', 'Service Général', 1),
(1047, 7, 85, 'Lycée', NULL, NULL, '594652LM', 'Service Maintenance', 1),
(1048, 7, 85, 'Lycée', NULL, NULL, '594652LR', 'Service Restauration', 1),
(1049, 7, 85, 'Lycée', NULL, NULL, '594652LX', 'Rattaché au Gestionnaire', 1),
(1050, 7, 79, 'Lycée', NULL, NULL, '595480LG', 'Service Général', 1),
(1051, 7, 79, 'Lycée', NULL, NULL, '595480LM', 'Service Maintenance', 1),
(1052, 7, 79, 'Lycée', NULL, NULL, '595480LR', 'Service Restauration', 1),
(1053, 7, 79, 'Lycée', NULL, NULL, '595480LX', 'Rattaché au Gestionnaire', 1),
(1054, 7, 112, 'Lycée', NULL, NULL, '595483PG', 'Service Général', 1),
(1055, 7, 112, 'Lycée', NULL, NULL, '595483PM', 'Service Maintenance', 1),
(1056, 7, 112, 'Lycée', NULL, NULL, '595483PR', 'Service Restauration', 1),
(1057, 7, 112, 'Lycée', NULL, NULL, '595483PX', 'Rattaché au Gestionnaire', 1),
(1058, 7, 98, 'Lycée', NULL, NULL, '595540BG', 'Service Général', 1),
(1059, 7, 98, 'Lycée', NULL, NULL, '595540BM', 'Service maintenance', 1),
(1060, 7, 98, 'Lycée', NULL, NULL, '595540BR', 'Service Restauration', 1),
(1061, 7, 98, 'Lycée', NULL, NULL, '595540BX', 'Rattaché au Gestionnaire', 1),
(1062, 7, 84, 'Lycée', NULL, NULL, '595616JG', 'Service Général', 1),
(1063, 7, 84, 'Lycée', NULL, NULL, '595616JM', 'Service Maintenance', 1),
(1064, 7, 84, 'Lycée', NULL, NULL, '595616JR', 'Service Restauration', 1),
(1065, 7, 84, 'Lycée', NULL, NULL, '595616JX', 'Rattaché au Gestionnaire', 1),
(1066, 7, 143, 'Lycée', NULL, NULL, '595678BG', 'Service Général', 1),
(1067, 7, 143, 'Lycée', NULL, NULL, '595678BM', 'Service Maintenance', 1),
(1068, 7, 143, 'Lycée', NULL, NULL, '595678BR', 'Service Restauration', 1),
(1069, 7, 143, 'Lycée', NULL, NULL, '595678BX', 'Rattaché au Gestionnaire', 1),
(1070, 7, 77, 'Lycée', NULL, NULL, '595770BG', 'Service Général', 1),
(1071, 7, 77, 'Lycée', NULL, NULL, '595770BR', 'Service Restauration', 1),
(1072, 7, 77, 'Lycée', NULL, NULL, '595770BX', 'Rattaché au Gestionnaire', 1),
(1073, 7, 123, 'Lycée', NULL, NULL, '595771CX', 'Rattaché au Gestionnaire', 1),
(1074, 7, 113, 'Lycée', NULL, NULL, '595786UG', 'Service Général', 1),
(1075, 7, 113, 'Lycée', NULL, NULL, '595786UM', 'Service Maintenance', 1),
(1076, 7, 113, 'Lycée', NULL, NULL, '595786UR', 'Service Restauration', 1),
(1077, 7, 113, 'Lycée', NULL, NULL, '595786UX', 'Rattaché au Gestionnaire', 1),
(1078, 7, 152, 'Lycée', NULL, NULL, '595787VG', 'Service Général', 1),
(1079, 7, 152, 'Lycée', NULL, NULL, '595787VM', 'Service Maintenance', 1),
(1080, 7, 152, 'Lycée', NULL, NULL, '595787VR', 'Service Restauration', 1),
(1081, 7, 152, 'Lycée', NULL, NULL, '595787VX', 'Rattaché au Gestionnaire', 1),
(1082, 7, 146, 'Lycée', NULL, NULL, '595809UG', 'Service Général', 1),
(1083, 7, 146, 'Lycée', NULL, NULL, '595809UM', 'Service Maintenance', 1),
(1084, 7, 146, 'Lycée', NULL, NULL, '595809UR', 'Service Restauration', 1),
(1085, 7, 146, 'Lycée', NULL, NULL, '595809UX', 'Rattaché au Gestionnaire', 1),
(1086, 7, 155, 'Lycée', NULL, NULL, '595856VG', 'Service Général', 1),
(1087, 7, 155, 'Lycée', NULL, NULL, '595856VM', 'Service Maintenance', 1),
(1088, 7, 155, 'Lycée', NULL, NULL, '595856VR', 'Service Restauration', 1),
(1089, 7, 155, 'Lycée', NULL, NULL, '595856VX', 'Rattaché au Gestionnaire', 1),
(1090, 7, 107, 'Lycée', NULL, NULL, '595867GG', 'Service Général', 1),
(1091, 7, 107, 'Lycée', NULL, NULL, '595867GM', 'Service Maintenance', 1),
(1092, 7, 107, 'Lycée', NULL, NULL, '595867GR', 'Service Restauration', 1),
(1093, 7, 107, 'Lycée', NULL, NULL, '595867GX', 'Rattaché au Gestionnaire', 1),
(1094, 7, 121, 'Lycée', NULL, NULL, '595884AG', 'Service Général', 1),
(1095, 7, 121, 'Lycée', NULL, NULL, '595884AM', 'Service Maintenance', 1),
(1096, 7, 121, 'Lycée', NULL, NULL, '595884AR', 'Service Restauration', 1),
(1097, 7, 121, 'Lycée', NULL, NULL, '595884AX', 'Rattaché au Gestionnaire', 1),
(1098, 7, 136, 'Lycée', NULL, NULL, '595885BG', 'Service Général', 1),
(1099, 7, 136, 'Lycée', NULL, NULL, '595885BM', 'Service Maintenance', 1),
(1100, 7, 136, 'Lycée', NULL, NULL, '595885BR', 'Service Restauration', 1),
(1101, 7, 136, 'Lycée', NULL, NULL, '595885BX', 'Rattaché au Gestionnaire', 1),
(1102, 7, 59, 'Lycée', NULL, NULL, '596854EG', 'Service Général', 1),
(1103, 7, 59, 'Lycée', NULL, NULL, '596854EM', 'Service Maintenance', 1),
(1104, 7, 59, 'Lycée', NULL, NULL, '596854ER', 'Service Restauration', 1),
(1105, 7, 59, 'Lycée', NULL, NULL, '596854EX', 'Rattaché au gestionnaire', 1),
(1106, 7, 70, 'Lycée', NULL, NULL, '596892WG', 'Service Général', 1),
(1107, 7, 70, 'Lycée', NULL, NULL, '596892WM', 'Service Maintenance', 1),
(1108, 7, 70, 'Lycée', NULL, NULL, '596892WX', 'Rattaché au Gestionnaire', 1),
(1109, 7, 82, 'Lycée', NULL, NULL, '596925GG', 'Service Général', 1),
(1110, 7, 82, 'Lycée', NULL, NULL, '596925GM', 'Service Maintenance', 1),
(1111, 7, 82, 'Lycée', NULL, NULL, '596925GR', 'Service Restauration', 1),
(1112, 7, 82, 'Lycée', NULL, NULL, '596925GX', 'Rattaché au Gestionnaire', 1),
(1113, 7, 103, 'Lycée', NULL, NULL, '596957SG', 'Service général', 1),
(1114, 7, 103, 'Lycée', NULL, NULL, '596957SM', 'Service Maintenance', 1),
(1115, 7, 103, 'Lycée', NULL, NULL, '596957SR', 'Service Restauration', 1),
(1116, 7, 103, 'Lycée', NULL, NULL, '596957SX', 'Rattaché au Gestionnaire', 1),
(1117, 7, 80, 'Lycée', NULL, NULL, '597005UG', 'Service général', 1),
(1118, 7, 80, 'Lycée', NULL, NULL, '597005UM', 'Service Maintenance', 1),
(1119, 7, 80, 'Lycée', NULL, NULL, '597005UR', 'Service Restauration', 1),
(1120, 7, 80, 'Lycée', NULL, NULL, '597005UX', 'Rattaché au Gestionnaire', 1),
(1121, 7, 158, 'Lycée', NULL, NULL, '600001AG', 'Service Général', 1),
(1122, 7, 158, 'Lycée', NULL, NULL, '600001AR', 'Service Restauration', 1),
(1123, 7, 158, 'Lycée', NULL, NULL, '600001AX', 'Rattaché au gestionnaire', 1),
(1124, 7, 161, 'Lycée', NULL, NULL, '600002BG', 'Service Général', 1),
(1125, 7, 161, 'Lycée', NULL, NULL, '600002BM', 'Service maintenance', 1),
(1126, 7, 161, 'Lycée', NULL, NULL, '600002BR', 'Service Restauration', 1),
(1127, 7, 161, 'Lycée', NULL, NULL, '600002BX', 'Rattaché au gestionnaire', 1),
(1128, 7, 157, 'Lycée', NULL, NULL, '600003CG', 'Service général', 1),
(1129, 7, 157, 'Lycée', NULL, NULL, '600003CM', 'Service maintenance', 1),
(1130, 7, 157, 'Lycée', NULL, NULL, '600003CR', 'Service Restauration', 1),
(1131, 7, 157, 'Lycée', NULL, NULL, '600003CX', 'Rattaché au gestionnaire', 1),
(1132, 7, 160, 'Lycée', NULL, NULL, '600004DG', 'Service général', 1),
(1133, 7, 160, 'Lycée', NULL, NULL, '600004DR', 'Service Restauration', 1),
(1134, 7, 160, 'Lycée', NULL, NULL, '600004DX', 'Rattaché au gestionnaire', 1),
(1135, 7, 167, 'Lycée', NULL, NULL, '600009JG', 'Service Général', 1),
(1136, 7, 167, 'Lycée', NULL, NULL, '600009JM', 'Service maintenance', 1),
(1137, 7, 167, 'Lycée', NULL, NULL, '600009JR', 'Service Restauration', 1),
(1138, 7, 167, 'Lycée', NULL, NULL, '600009JX', 'Rattaché au gestionnaire', 1),
(1139, 7, 168, 'Lycée', NULL, NULL, '600013NG', 'Service Général', 1),
(1140, 7, 168, 'Lycée', NULL, NULL, '600013NR', 'Service Restauration', 1),
(1141, 7, 168, 'Lycée', NULL, NULL, '600013NX', 'Rattaché au gestionnaire', 1),
(1142, 7, 169, 'Lycée', NULL, NULL, '600014PG', 'Service Général', 1),
(1143, 7, 169, 'Lycée', NULL, NULL, '600014PM', 'Service maintenance', 1),
(1144, 7, 169, 'Lycée', NULL, NULL, '600014PX', 'Rattaché au gestionnaire', 1),
(1145, 7, 172, 'Lycée', NULL, NULL, '600015RG', 'Service Général', 1),
(1146, 7, 172, 'Lycée', NULL, NULL, '600015RM', 'Service maintenance', 1),
(1147, 7, 172, 'Lycée', NULL, NULL, '600015RX', 'Rattaché au gestionnaire', 1),
(1148, 7, 186, 'Lycée', NULL, NULL, '600020WG', 'Service Général', 1),
(1149, 7, 186, 'Lycée', NULL, NULL, '600020WM', 'Service maintenance', 1),
(1150, 7, 186, 'Lycée', NULL, NULL, '600020WR', 'Service Restauration', 1),
(1151, 7, 186, 'Lycée', NULL, NULL, '600020WX', 'Rattaché au gestionnaire', 1),
(1152, 7, 175, 'Lycée', NULL, NULL, '600021XG', 'Service Général', 1),
(1153, 7, 175, 'Lycée', NULL, NULL, '600021XM', 'Service maintenance', 1),
(1154, 7, 175, 'Lycée', NULL, NULL, '600021XR', 'Service Restauration', 1),
(1155, 7, 175, 'Lycée', NULL, NULL, '600021XX', 'Rattaché au gestionnaire', 1),
(1156, 7, 188, 'Lycée', NULL, NULL, '600041UG', 'Service Général', 1),
(1157, 7, 188, 'Lycée', NULL, NULL, '600041UM', 'Service maintenance', 1),
(1158, 7, 188, 'Lycée', NULL, NULL, '600041UX', 'Rattaché au gestionnaire', 1),
(1159, 7, 194, 'Lycée', NULL, NULL, '600048BG', 'Service Général', 1),
(1160, 7, 194, 'Lycée', NULL, NULL, '600048BM', 'Service maintenance', 1),
(1161, 7, 194, 'Lycée', NULL, NULL, '600048BR', 'Service Restauration', 1),
(1162, 7, 194, 'Lycée', NULL, NULL, '600048BX', 'Rattaché au gestionnaire', 1),
(1163, 7, 193, 'Lycée', NULL, NULL, '600049CG', 'Service Général', 1),
(1164, 7, 193, 'Lycée', NULL, NULL, '600049CM', 'Service maintenance', 1),
(1165, 7, 193, 'Lycée', NULL, NULL, '600049CR', 'Service Restauration', 1),
(1166, 7, 193, 'Lycée', NULL, NULL, '600049CX', 'Rattaché au gestionnaire', 1),
(1167, 7, 179, 'Lycée', NULL, NULL, '600070AM', 'Service maintenance', 1),
(1168, 7, 179, 'Lycée', NULL, NULL, '600070AR', 'Service Restauration', 1),
(1169, 7, 179, 'Lycée', NULL, NULL, '600070AX', 'Rattaché au gestionnaire', 1),
(1170, 7, 190, 'Lycée', NULL, NULL, '601265ZG', 'Service général', 1),
(1171, 7, 190, 'Lycée', NULL, NULL, '601265ZM', 'Service maintenance', 1),
(1172, 7, 190, 'Lycée', NULL, NULL, '601265ZR', 'Service restauration', 1),
(1173, 7, 190, 'Lycée', NULL, NULL, '601265ZX', 'Rattaché au gestionnaire', 1),
(1174, 7, 178, 'Lycée', NULL, NULL, '601363FG', 'Service général', 1),
(1175, 7, 178, 'Lycée', NULL, NULL, '601363FR', 'Service Restauration', 1),
(1176, 7, 178, 'Lycée', NULL, NULL, '601363FX', 'Rattaché au gestionnaire', 1),
(1177, 7, 183, 'Lycée', NULL, NULL, '601470XG', 'Service général', 1),
(1178, 7, 183, 'Lycée', NULL, NULL, '601470XM', 'Service maintenance', 1),
(1179, 7, 183, 'Lycée', NULL, NULL, '601470XR', 'Service Restauration', 1),
(1180, 7, 183, 'Lycée', NULL, NULL, '601470XX', 'Rattaché au gestionnaire', 1),
(1181, 7, 156, 'Lycée', NULL, NULL, '601782LG', 'Service général', 1),
(1182, 7, 156, 'Lycée', NULL, NULL, '601782LM', 'Service maintenance', 1),
(1183, 7, 156, 'Lycée', NULL, NULL, '601782LR', 'Service restauration', 1),
(1184, 7, 156, 'Lycée', NULL, NULL, '601782LX', 'Rattaché au gestionnaire', 1),
(1185, 7, 165, 'Lycée', NULL, NULL, '601787SG', 'Service Général', 1),
(1186, 7, 165, 'Lycée', NULL, NULL, '601787SM', 'Service maintenance', 1),
(1187, 7, 165, 'Lycée', NULL, NULL, '601787SR', 'Service Restauration', 1),
(1188, 7, 165, 'Lycée', NULL, NULL, '601787SX', 'Rattaché au gestionnaire', 1),
(1189, 7, 191, 'Lycée', NULL, NULL, '601822EG', 'Service Général', 1),
(1190, 7, 191, 'Lycée', NULL, NULL, '601822EM', 'Service maintenance', 1),
(1191, 7, 191, 'Lycée', NULL, NULL, '601822ER', 'Service Restauration', 1),
(1192, 7, 191, 'Lycée', NULL, NULL, '601822EX', 'Rattaché au gestionnaire', 1),
(1193, 7, 164, 'Lycée', NULL, NULL, '601823FG', 'Service général', 1),
(1194, 7, 164, 'Lycée', NULL, NULL, '601823FR', 'Service Restauration', 1),
(1195, 7, 164, 'Lycée', NULL, NULL, '601823FX', 'Rattaché au gestionnaire', 1),
(1196, 7, 159, 'Lycée', NULL, NULL, '601824GG', 'Service général', 1),
(1197, 7, 159, 'Lycée', NULL, NULL, '601824GM', 'Service maintenance', 1),
(1198, 7, 159, 'Lycée', NULL, NULL, '601824GR', 'Service Restauration', 1),
(1199, 7, 159, 'Lycée', NULL, NULL, '601824GX', 'Rattaché au gestionnaire', 1),
(1200, 7, 192, 'Lycée', NULL, NULL, '601826JG', 'Service général', 1),
(1201, 7, 192, 'Lycée', NULL, NULL, '601826JX', 'Rattaché au gestionnaire', 1),
(1202, 7, 180, 'Lycée', NULL, NULL, '601832RG', 'Service général', 1),
(1203, 7, 180, 'Lycée', NULL, NULL, '601832RX', 'Rattaché au gestionnaire', 1),
(1204, 7, 170, 'Lycée', NULL, NULL, '601863ZG', 'Service général', 1),
(1205, 7, 170, 'Lycée', NULL, NULL, '601863ZM', 'Service maintenance', 1),
(1206, 7, 170, 'Lycée', NULL, NULL, '601863ZR', 'Service restauration', 1),
(1207, 7, 170, 'Lycée', NULL, NULL, '601863ZX', 'Rattaché au gestionnaire', 1),
(1208, 7, 184, 'Lycée', NULL, NULL, '601864AG', 'Service Général', 1),
(1209, 7, 184, 'Lycée', NULL, NULL, '601864AM', 'Service maintenance', 1),
(1210, 7, 184, 'Lycée', NULL, NULL, '601864AR', 'Service Restauration', 1),
(1211, 7, 184, 'Lycée', NULL, NULL, '601864AX', 'Rattaché au gestionnaire', 1),
(1212, 7, 182, 'Lycée', NULL, NULL, '601865BG', 'Service général', 1),
(1213, 7, 182, 'Lycée', NULL, NULL, '601865BR', 'Service Restauration', 1),
(1214, 7, 182, 'Lycée', NULL, NULL, '601865BX', 'Rattaché au gestionnaire', 1),
(1215, 7, 181, 'Lycée', NULL, NULL, '601897LG', 'Service général', 1),
(1216, 7, 181, 'Lycée', NULL, NULL, '601897LR', 'Service Restauration', 1),
(1217, 7, 181, 'Lycée', NULL, NULL, '601897LX', 'Rattaché au gestionnaire', 1),
(1220, 7, 200, 'Lycée', NULL, NULL, '620006VG', 'Service Général', 1),
(1221, 7, 200, 'Lycée', NULL, NULL, '620006VM', 'Service Maintenance', 1),
(1222, 7, 200, 'Lycée', NULL, NULL, '620006VR', 'Service Restauration', 1),
(1223, 7, 200, 'Lycée', NULL, NULL, '620006VX', 'Rattaché au Gestionnaire', 1),
(1224, 7, 197, 'Lycée', NULL, NULL, '620011AG', 'Service Général', 1),
(1225, 7, 197, 'Lycée', NULL, NULL, '620011AM', 'Service Maintenance', 1),
(1226, 7, 197, 'Lycée', NULL, NULL, '620011AR', 'Service Restauration', 1),
(1227, 7, 197, 'Lycée', NULL, NULL, '620011AX', 'Rattaché au Gestionnaire', 1),
(1228, 7, 202, 'Lycée', NULL, NULL, '620017GG', 'Service Général', 1),
(1229, 7, 202, 'Lycée', NULL, NULL, '620017GM', 'Service Maintenance', 1),
(1230, 7, 202, 'Lycée', NULL, NULL, '620017GR', 'Service Restauration', 1),
(1231, 7, 202, 'Lycée', NULL, NULL, '620017GX', 'Rattaché au Gestionnaire', 1),
(1232, 7, 201, 'Lycée', NULL, NULL, '620018HG', 'Service général', 1),
(1233, 7, 201, 'Lycée', NULL, NULL, '620018HM', 'Service maintenance', 1),
(1234, 7, 201, 'Lycée', NULL, NULL, '620018HR', 'Service restauration', 1),
(1235, 7, 201, 'Lycée', NULL, NULL, '620018HX', 'Rattaché au Gestionnaire', 1),
(1236, 7, 203, 'Lycée', NULL, NULL, '620027TG', 'Service Général', 1),
(1237, 7, 203, 'Lycée', NULL, NULL, '620027TM', 'Service Maintenance', 1),
(1238, 7, 203, 'Lycée', NULL, NULL, '620027TR', 'Service Restauration', 1),
(1239, 7, 203, 'Lycée', NULL, NULL, '620027TX', 'Rattaché au Gestionnaire', 1),
(1240, 7, 204, 'Lycée', NULL, NULL, '620030WG', 'Service général', 1),
(1241, 7, 204, 'Lycée', NULL, NULL, '620030WM', 'Service maintenance', 1),
(1242, 7, 204, 'Lycée', NULL, NULL, '620030WR', 'Service Restauration', 1),
(1243, 7, 204, 'Lycée', NULL, NULL, '620030WX', 'Rattaché au Gestionnaire', 1),
(1244, 7, 208, 'Lycée', NULL, NULL, '620040GG', 'Service Général', 1),
(1245, 7, 208, 'Lycée', NULL, NULL, '620040GM', 'Service Maintenance', 1),
(1246, 7, 208, 'Lycée', NULL, NULL, '620040GR', 'Service restauration', 1),
(1247, 7, 208, 'Lycée', NULL, NULL, '620040GX', 'Rattaché au Gestionnaire', 1),
(1248, 7, 209, 'Lycée', NULL, NULL, '620042JG', 'Service général', 1),
(1249, 7, 209, 'Lycée', NULL, NULL, '620042JM', 'Service Maintenance', 1),
(1250, 7, 209, 'Lycée', NULL, NULL, '620042JR', 'Service Restauration', 1),
(1251, 7, 209, 'Lycée', NULL, NULL, '620042JX', 'Rattaché au Gestionnaire', 1),
(1252, 7, 207, 'Lycée', NULL, NULL, '620043KG', 'Service général', 1),
(1253, 7, 207, 'Lycée', NULL, NULL, '620043KM', 'Service maintenance', 1),
(1254, 7, 207, 'Lycée', NULL, NULL, '620043KR', 'Service restauration', 1),
(1255, 7, 207, 'Lycée', NULL, NULL, '620043KX', 'Rattaché au Gestionnaire', 1),
(1256, 7, 212, 'Lycée', NULL, NULL, '620052VG', 'Service Général', 1),
(1257, 7, 212, 'Lycée', NULL, NULL, '620052VM', 'Service Maintenance', 1),
(1258, 7, 212, 'Lycée', NULL, NULL, '620052VR', 'Service Restauration', 1),
(1259, 7, 212, 'Lycée', NULL, NULL, '620052VX', 'Rattaché au Gestionnaire', 1),
(1260, 7, 216, 'Lycée', NULL, NULL, '620056ZG', 'Service Général', 1),
(1261, 7, 216, 'Lycée', NULL, NULL, '620056ZM', 'Service Maintenance', 1),
(1262, 7, 216, 'Lycée', NULL, NULL, '620056ZR', 'Service Restauration', 1),
(1263, 7, 216, 'Lycée', NULL, NULL, '620056ZX', 'Rattaché au Gestionnaire', 1),
(1264, 7, 218, 'Lycée', NULL, NULL, '620059CG', 'Service Général', 1),
(1265, 7, 218, 'Lycée', NULL, NULL, '620059CM', 'Service maintenance', 1),
(1266, 7, 218, 'Lycée', NULL, NULL, '620059CR', 'Service Restauration', 1),
(1267, 7, 218, 'Lycée', NULL, NULL, '620059CX', 'Rattaché au Gestionnaire', 1),
(1268, 7, 220, 'Lycée', NULL, NULL, '620062FG', 'Service général', 1),
(1269, 7, 220, 'Lycée', NULL, NULL, '620062FM', 'Service Maintenance', 1),
(1270, 7, 220, 'Lycée', NULL, NULL, '620062FR', 'Service Restauration', 1),
(1271, 7, 220, 'Lycée', NULL, NULL, '620062FX', 'Rattaché au Gestionnaire', 1),
(1272, 7, 219, 'Lycée', NULL, NULL, '620063GG', 'Service général', 1),
(1273, 7, 219, 'Lycée', NULL, NULL, '620063GM', 'Service maintenance', 1),
(1274, 7, 219, 'Lycée', NULL, NULL, '620063GR', 'Service Restauration', 1),
(1275, 7, 219, 'Lycée', NULL, NULL, '620063GX', 'Rattaché au Gestionnaire', 1),
(1276, 7, 226, 'Lycée', NULL, NULL, '620070PG', 'Service Général', 1),
(1277, 7, 226, 'Lycée', NULL, NULL, '620070PM', 'Service Maintenance', 1),
(1278, 7, 226, 'Lycée', NULL, NULL, '620070PR', 'Service Restauration', 1),
(1279, 7, 226, 'Lycée', NULL, NULL, '620070PX', 'Rattaché au Gestionnaire', 1),
(1280, 7, 228, 'Lycée', NULL, NULL, '620093PG', 'Service général', 1),
(1281, 7, 228, 'Lycée', NULL, NULL, '620093PM', 'Service Maintenance', 1),
(1282, 7, 228, 'Lycée', NULL, NULL, '620093PR', 'Service Restauration', 1),
(1283, 7, 228, 'Lycée', NULL, NULL, '620093PX', 'Rattaché au Gestionnaire', 1),
(1284, 7, 229, 'Lycée', NULL, NULL, '620095SG', 'Service Général', 1),
(1285, 7, 229, 'Lycée', NULL, NULL, '620095SM', 'Service Maintenance', 1),
(1286, 7, 229, 'Lycée', NULL, NULL, '620095SR', 'Service Restauration', 1),
(1287, 7, 229, 'Lycée', NULL, NULL, '620095SX', 'Rattaché au Gestionnaire', 1),
(1288, 7, 233, 'Lycée', NULL, NULL, '620108FG', 'Service Général', 1),
(1289, 7, 233, 'Lycée', NULL, NULL, '620108FM', 'Service Maintenance', 1),
(1290, 7, 233, 'Lycée', NULL, NULL, '620108FR', 'Service Restauration', 1);
INSERT INTO `structure` (`id`, `structure_type_id`, `pere_structure_id`, `type`, `departement`, `ville`, `code`, `libelle`, `actif`) VALUES
(1291, 7, 233, 'Lycée', NULL, NULL, '620108FX', 'Rattaché au Gestionnaire', 1),
(1292, 7, 231, 'Lycée', NULL, NULL, '620109GG', 'Service général', 1),
(1293, 7, 231, 'Lycée', NULL, NULL, '620109GM', 'Service maintenance', 1),
(1294, 7, 231, 'Lycée', NULL, NULL, '620109GR', 'Service Restauration', 1),
(1295, 7, 231, 'Lycée', NULL, NULL, '620109GX', 'Rattaché au Gestionnaire', 1),
(1296, 7, 238, 'Lycée', NULL, NULL, '620113LG', 'Service général', 1),
(1297, 7, 238, 'Lycée', NULL, NULL, '620113LM', 'Service Maintenance', 1),
(1298, 7, 238, 'Lycée', NULL, NULL, '620113LR', 'Service restauration', 1),
(1299, 7, 238, 'Lycée', NULL, NULL, '620113LX', 'Rattaché au Gestionnaire', 1),
(1300, 7, 241, 'Lycée', NULL, NULL, '620120UG', 'Service général', 1),
(1301, 7, 241, 'Lycée', NULL, NULL, '620120UM', 'Service Maintenance', 1),
(1302, 7, 241, 'Lycée', NULL, NULL, '620120UR', 'Service restauration', 1),
(1303, 7, 241, 'Lycée', NULL, NULL, '620120UX', 'Rattaché au Gestionnaire', 1),
(1304, 7, 242, 'Lycée', NULL, NULL, '620121VG', 'Service Général', 1),
(1305, 7, 242, 'Lycée', NULL, NULL, '620121VR', 'Service Restauration', 1),
(1306, 7, 242, 'Lycée', NULL, NULL, '620121VX', 'Rattaché au Gestionnaire', 1),
(1307, 7, 244, 'Lycée', NULL, NULL, '620124YG', 'Service Général', 1),
(1308, 7, 244, 'Lycée', NULL, NULL, '620124YM', 'Service Maintenance', 1),
(1309, 7, 244, 'Lycée', NULL, NULL, '620124YR', 'Service Restauration', 1),
(1310, 7, 244, 'Lycée', NULL, NULL, '620124YX', 'Rattaché au Gestionnaire', 1),
(1311, 7, 245, 'Lycée', NULL, NULL, '620131FG', 'Service Général', 1),
(1312, 7, 245, 'Lycée', NULL, NULL, '620131FM', 'Service Maintenance', 1),
(1313, 7, 245, 'Lycée', NULL, NULL, '620131FR', 'Service Restauration', 1),
(1314, 7, 245, 'Lycée', NULL, NULL, '620131FX', 'Rattaché au Gestionnaire', 1),
(1315, 7, 246, 'Lycée', NULL, NULL, '620140RG', 'Service Général', 1),
(1316, 7, 246, 'Lycée', NULL, NULL, '620140RM', 'Service Maintenance', 1),
(1317, 7, 246, 'Lycée', NULL, NULL, '620140RR', 'Service Restauration', 1),
(1318, 7, 246, 'Lycée', NULL, NULL, '620140RX', 'Rattaché au Gestionnaire', 1),
(1319, 7, 248, 'Lycée', NULL, NULL, '620150BG', 'Service général', 1),
(1320, 7, 248, 'Lycée', NULL, NULL, '620150BM', 'Service maintenance', 1),
(1321, 7, 248, 'Lycée', NULL, NULL, '620150BR', 'Service Restauration', 1),
(1322, 7, 248, 'Lycée', NULL, NULL, '620150BX', 'Rattaché au Gestionnaire', 1),
(1323, 7, 254, 'Lycée', NULL, NULL, '620161NG', 'Service Général', 1),
(1324, 7, 254, 'Lycée', NULL, NULL, '620161NM', 'Service Maintenance', 1),
(1325, 7, 254, 'Lycée', NULL, NULL, '620161NR', 'Service Restauration', 1),
(1326, 7, 254, 'Lycée', NULL, NULL, '620161NX', 'Rattaché au Gestionnaire', 1),
(1327, 7, 252, 'Lycée', NULL, NULL, '620162PG', 'Service Général', 1),
(1328, 7, 252, 'Lycée', NULL, NULL, '620162PM', 'Service Maintenance', 1),
(1329, 7, 252, 'Lycée', NULL, NULL, '620162PR', 'Service restauration', 1),
(1330, 7, 252, 'Lycée', NULL, NULL, '620162PX', 'Rattaché au Gestionnaire', 1),
(1331, 7, 251, 'Lycée', NULL, NULL, '620166UG', 'Service Général', 1),
(1332, 7, 251, 'Lycée', NULL, NULL, '620166UM', 'Service Maintenance', 1),
(1333, 7, 251, 'Lycée', NULL, NULL, '620166UR', 'Service Restauration', 1),
(1334, 7, 251, 'Lycée', NULL, NULL, '620166UX', 'Rattaché au Gestionnaire', 1),
(1335, 7, 253, 'Lycée', NULL, NULL, '620167VG', 'Service Général', 1),
(1336, 7, 253, 'Lycée', NULL, NULL, '620167VM', 'Service Maintenance', 1),
(1337, 7, 253, 'Lycée', NULL, NULL, '620167VR', 'Service Restauration', 1),
(1338, 7, 253, 'Lycée', NULL, NULL, '620167VX', 'Rattaché au Gestionnaire', 1),
(1339, 7, 227, 'Lycée', NULL, NULL, '620187SG', 'Service Général', 1),
(1340, 7, 227, 'Lycée', NULL, NULL, '620187SM', 'Service Maintenance', 1),
(1341, 7, 227, 'Lycée', NULL, NULL, '620187SR', 'Service Restauration', 1),
(1342, 7, 227, 'Lycée', NULL, NULL, '620187SX', 'Rattaché au Gestionnaire', 1),
(1343, 7, 222, 'Lycée', NULL, NULL, '620188TG', 'Service général', 1),
(1344, 7, 222, 'Lycée', NULL, NULL, '620188TM', 'Service maintenance', 1),
(1345, 7, 222, 'Lycée', NULL, NULL, '620188TR', 'Service Restauration', 1),
(1346, 7, 222, 'Lycée', NULL, NULL, '620188TX', 'Rattaché au Gestionnaire', 1),
(1347, 7, 217, 'Lycée', NULL, NULL, '620192XG', 'Service Général', 1),
(1348, 7, 217, 'Lycée', NULL, NULL, '620192XM', 'Service maintenance (Mendès France)', 1),
(1349, 7, 217, 'Lycée', NULL, NULL, '620192XN', 'Service maintenance (Barlin)', 1),
(1350, 7, 217, 'Lycée', NULL, NULL, '620192XR', 'Service restauration (Mendès France)', 1),
(1351, 7, 217, 'Lycée', NULL, NULL, '620192XS', 'Service restauration (Barlin)', 1),
(1352, 7, 217, 'Lycée', NULL, NULL, '620192XX', 'Rattaché au Gestionnaire', 1),
(1353, 7, 256, 'Lycée', NULL, NULL, '620220CG', 'Service Général', 1),
(1354, 7, 256, 'Lycée', NULL, NULL, '620220CM', 'Service Maintenance', 1),
(1355, 7, 256, 'Lycée', NULL, NULL, '620220CX', 'Rattaché au Gestionnaire', 1),
(1356, 7, 249, 'Lycée', NULL, NULL, '620221DG', 'Service Général', 1),
(1357, 7, 249, 'Lycée', NULL, NULL, '620221DM', 'Service maintenance', 1),
(1358, 7, 249, 'Lycée', NULL, NULL, '620221DR', 'Service restauration', 1),
(1359, 7, 249, 'Lycée', NULL, NULL, '620221DX', 'Rattaché au Gestionnaire', 1),
(1360, 7, 206, 'Lycée', NULL, NULL, '620229MG', 'Service général', 1),
(1361, 7, 206, 'Lycée', NULL, NULL, '620229MM', 'Service maintenance', 1),
(1362, 7, 206, 'Lycée', NULL, NULL, '620229MR', 'Service Restauration', 1),
(1363, 7, 206, 'Lycée', NULL, NULL, '620229MX', 'Rattaché au Gestionnaire', 1),
(1364, 7, 199, 'Lycée', NULL, NULL, '620256SG', 'Service Général', 1),
(1365, 7, 199, 'Lycée', NULL, NULL, '620256SM', 'Service Maintenance', 1),
(1366, 7, 199, 'Lycée', NULL, NULL, '620256SR', 'Service Restauration', 1),
(1367, 7, 199, 'Lycée', NULL, NULL, '620256SX', 'Rattaché au Gestionnaire', 1),
(1368, 7, 198, 'Lycée', NULL, NULL, '620257TG', 'Service général', 1),
(1369, 7, 198, 'Lycée', NULL, NULL, '620257TM', 'Service maintenance', 1),
(1370, 7, 198, 'Lycée', NULL, NULL, '620257TR', 'Service restauration', 1),
(1371, 7, 198, 'Lycée', NULL, NULL, '620257TX', 'Rattaché au gestionnaire', 1),
(1372, 7, 224, 'Lycée', NULL, NULL, '622099VG', 'Service Général', 1),
(1373, 7, 224, 'Lycée', NULL, NULL, '622099VM', 'Service Maintenance', 1),
(1374, 7, 224, 'Lycée', NULL, NULL, '622099VR', 'Service Restauration', 1),
(1375, 7, 224, 'Lycée', NULL, NULL, '622099VX', 'Rattaché au Gestionnaire', 1),
(1376, 7, 257, 'Lycée', NULL, NULL, '622257SG', 'Service général', 1),
(1377, 7, 257, 'Lycée', NULL, NULL, '622257SM', 'Service maintenance', 1),
(1378, 7, 257, 'Lycée', NULL, NULL, '622257SR', 'Service Restauration', 1),
(1379, 7, 257, 'Lycée', NULL, NULL, '622257SX', 'Rattaché au Gestionnaire', 1),
(1380, 7, 213, 'Lycée', NULL, NULL, '622275LG', 'Service Général', 1),
(1381, 7, 213, 'Lycée', NULL, NULL, '622275LM', 'Service Maintenance', 1),
(1382, 7, 213, 'Lycée', NULL, NULL, '622275LX', 'Rattaché au Gestionnaire', 1),
(1383, 7, 205, 'Lycée', NULL, NULL, '622276MG', 'Service Général', 1),
(1384, 7, 205, 'Lycée', NULL, NULL, '622276MM', 'Service Maintenance', 1),
(1385, 7, 205, 'Lycée', NULL, NULL, '622276MR', 'Service Restauration', 1),
(1386, 7, 205, 'Lycée', NULL, NULL, '622276MX', 'Rattaché au Gestionnaire', 1),
(1387, 7, 237, 'Lycée', NULL, NULL, '622302RG', 'Service général', 1),
(1388, 7, 237, 'Lycée', NULL, NULL, '622302RM', 'Service maintenance', 1),
(1389, 7, 237, 'Lycée', NULL, NULL, '622302RR', 'Service restauration', 1),
(1390, 7, 237, 'Lycée', NULL, NULL, '622302RX', 'Rattaché au Gestionnaire', 1),
(1391, 7, 215, 'Lycée', NULL, NULL, '622801HG', 'Service général', 1),
(1392, 7, 215, 'Lycée', NULL, NULL, '622801HM', 'Service maintenance', 1),
(1393, 7, 215, 'Lycée', NULL, NULL, '622801HR', 'Service restauration', 1),
(1394, 7, 215, 'Lycée', NULL, NULL, '622801HX', 'Rattaché au Gestionnaire', 1),
(1395, 7, 243, 'Lycée', NULL, NULL, '622803KG', 'Service général', 1),
(1396, 7, 243, 'Lycée', NULL, NULL, '622803KM', 'Service Maintenance', 1),
(1397, 7, 243, 'Lycée', NULL, NULL, '622803KR', 'Service Restauration', 1),
(1398, 7, 243, 'Lycée', NULL, NULL, '622803KX', 'Rattaché au Gestionnaire', 1),
(1399, 7, 236, 'Lycée', NULL, NULL, '622807PG', 'Service général', 1),
(1400, 7, 236, 'Lycée', NULL, NULL, '622807PM', 'Service Maintenance', 1),
(1401, 7, 236, 'Lycée', NULL, NULL, '622807PR', 'Service Restauration', 1),
(1402, 7, 236, 'Lycée', NULL, NULL, '622807PX', 'Rattaché au Gestionnaire', 1),
(1403, 7, 214, 'Lycée', NULL, NULL, '622949UG', 'Service général', 1),
(1404, 7, 214, 'Lycée', NULL, NULL, '622949UM', 'Service Maintenance', 1),
(1405, 7, 214, 'Lycée', NULL, NULL, '622949UR', 'Service Restauration', 1),
(1406, 7, 214, 'Lycée', NULL, NULL, '622949UX', 'Rattaché au Gestionnaire', 1),
(1407, 7, 230, 'Lycée', NULL, NULL, '623328FG', 'Service Général', 1),
(1408, 7, 230, 'Lycée', NULL, NULL, '623328FM', 'Service Maintenance', 1),
(1409, 7, 230, 'Lycée', NULL, NULL, '623328FR', 'Service Restauration', 1),
(1410, 7, 230, 'Lycée', NULL, NULL, '623328FX', 'Rattaché au Gestionnaire', 1),
(1411, 7, 240, 'Lycée', NULL, NULL, '623377JG', 'Service Général', 1),
(1412, 7, 240, 'Lycée', NULL, NULL, '623377JM', 'Service Maintenance', 1),
(1413, 7, 240, 'Lycée', NULL, NULL, '623377JX', 'Rattaché au Gestionnaire', 1),
(1414, 7, 223, 'Lycée', NULL, NULL, '623463CG', 'Service général', 1),
(1415, 7, 223, 'Lycée', NULL, NULL, '623463CM', 'Service Maintenance', 1),
(1416, 7, 223, 'Lycée', NULL, NULL, '623463CR', 'Service Restauration', 1),
(1417, 7, 223, 'Lycée', NULL, NULL, '623463CX', 'Rattaché au Gestionnaire', 1),
(1418, 7, 250, 'Lycée', NULL, NULL, '623723KG', 'Service Général', 1),
(1419, 7, 250, 'Lycée', NULL, NULL, '623723KM', 'Service Maintenance', 1),
(1420, 7, 250, 'Lycée', NULL, NULL, '623723KR', 'Service Restauration', 1),
(1421, 7, 250, 'Lycée', NULL, NULL, '623723KX', 'Rattaché au Gestionnaire', 1),
(1422, 7, 234, 'Lycée', NULL, NULL, '623864NG', 'Service Général', 1),
(1423, 7, 234, 'Lycée', NULL, NULL, '623864NM', 'Service Maintenance', 1),
(1424, 7, 234, 'Lycée', NULL, NULL, '623864NX', 'Rattaché au Gestionnaire', 1),
(1425, 7, 211, 'Lycée', NULL, NULL, '623902EG', 'Service Général', 1),
(1426, 7, 211, 'Lycée', NULL, NULL, '623902EM', 'Service Maintenance', 1),
(1427, 7, 211, 'Lycée', NULL, NULL, '623902ER', 'Service Restauration', 1),
(1428, 7, 211, 'Lycée', NULL, NULL, '623902EX', 'Rattaché au Gestionnaire', 1),
(1429, 7, 235, 'Lycée', NULL, NULL, '623903FG', 'Service Général', 1),
(1430, 7, 235, 'Lycée', NULL, NULL, '623903FM', 'Service Maintenance', 1),
(1431, 7, 235, 'Lycée', NULL, NULL, '623903FR', 'Service Restauration', 1),
(1432, 7, 235, 'Lycée', NULL, NULL, '623903FX', 'Rattaché au Gestionnaire', 1),
(1433, 7, 258, 'Lycée', NULL, NULL, '623915UG', 'Service Général', 1),
(1434, 7, 258, 'Lycée', NULL, NULL, '623915UM', 'Service Maintenance', 1),
(1435, 7, 258, 'Lycée', NULL, NULL, '623915UR', 'Service Restauration', 1),
(1436, 7, 258, 'Lycée', NULL, NULL, '623915UX', 'Rattaché au Gestionnaire', 1),
(1437, 7, 195, 'Lycée', NULL, NULL, '623981RG', 'Service Général', 1),
(1438, 7, 195, 'Lycée', NULL, NULL, '623981RM', 'Service Maintenance', 1),
(1439, 7, 195, 'Lycée', NULL, NULL, '623981RR', 'Service Restauration', 1),
(1440, 7, 195, 'Lycée', NULL, NULL, '623981RX', 'Rattaché au Gestionnaire', 1),
(1441, 7, 255, 'Lycée', NULL, NULL, '624109EG', 'Service général', 1),
(1442, 7, 255, 'Lycée', NULL, NULL, '624109EM', 'Service maintenance', 1),
(1443, 7, 255, 'Lycée', NULL, NULL, '624109ER', 'Service Restauration', 1),
(1444, 7, 255, 'Lycée', NULL, NULL, '624109EX', 'Rattaché au Gestionnaire', 1),
(1445, 7, 225, 'Lycée', NULL, NULL, '624141PG', 'Service général', 1),
(1446, 7, 225, 'Lycée', NULL, NULL, '624141PM', 'Service Maintenance', 1),
(1447, 7, 225, 'Lycée', NULL, NULL, '624141PR', 'Service Restauration', 1),
(1448, 7, 225, 'Lycée', NULL, NULL, '624141PX', 'Rattaché au Gestionnaire', 1),
(1449, 7, 196, 'Lycée', NULL, NULL, '624430DG', 'Service général', 1),
(1450, 7, 196, 'Lycée', NULL, NULL, '624430DM', 'Service Maintenance', 1),
(1451, 7, 196, 'Lycée', NULL, NULL, '624430DR', 'Service Restauration', 1),
(1452, 7, 196, 'Lycée', NULL, NULL, '624430DX', 'Rattaché au Gestionnaire', 1),
(1453, 7, 247, 'Lycée', NULL, NULL, '624440PG', 'Service Général', 1),
(1454, 7, 247, 'Lycée', NULL, NULL, '624440PM', 'Service Maintenance', 1),
(1455, 7, 247, 'Lycée', NULL, NULL, '624440PR', 'Service Restauration', 1),
(1456, 7, 247, 'Lycée', NULL, NULL, '624440PX', 'Rattaché au Gestionnaire', 1),
(1457, 7, 261, 'Lycée', NULL, NULL, '800001SG', 'Service Général', 1),
(1458, 7, 261, 'Lycée', NULL, NULL, '800001SM', 'Service maintenance', 1),
(1459, 7, 261, 'Lycée', NULL, NULL, '800001SR', 'Service Restauration', 1),
(1460, 7, 261, 'Lycée', NULL, NULL, '800001SX', 'Rattaché au gestionnaire', 1),
(1461, 7, 263, 'Lycée', NULL, NULL, '800007YG', 'Service Général', 1),
(1462, 7, 263, 'Lycée', NULL, NULL, '800007YM', 'Service maintenance', 1),
(1463, 7, 263, 'Lycée', NULL, NULL, '800007YR', 'Service Restauration', 1),
(1464, 7, 263, 'Lycée', NULL, NULL, '800007YX', 'Rattaché au gestionnaire', 1),
(1465, 7, 279, 'Lycée', NULL, NULL, '800009AG', 'Service Général', 1),
(1466, 7, 279, 'Lycée', NULL, NULL, '800009AM', 'Service maintenance', 1),
(1467, 7, 279, 'Lycée', NULL, NULL, '800009AR', 'Service restauration', 1),
(1468, 7, 279, 'Lycée', NULL, NULL, '800009AX', 'Rattaché au gestionnaire', 1),
(1469, 7, 276, 'Lycée', NULL, NULL, '800010BG', 'Service Général', 1),
(1470, 7, 276, 'Lycée', NULL, NULL, '800010BR', 'Service Restauration', 1),
(1471, 7, 276, 'Lycée', NULL, NULL, '800010BX', 'Rattaché au gestionnaire', 1),
(1472, 7, 271, 'Lycée', NULL, NULL, '800011CG', 'Service Général', 1),
(1473, 7, 271, 'Lycée', NULL, NULL, '800011CX', 'Rattaché au gestionnaire', 1),
(1474, 7, 265, 'Lycée', NULL, NULL, '800013EG', 'Service Général', 1),
(1475, 7, 265, 'Lycée', NULL, NULL, '800013EM', 'Service maintenance', 1),
(1476, 7, 265, 'Lycée', NULL, NULL, '800013ER', 'Service Restauration', 1),
(1477, 7, 265, 'Lycée', NULL, NULL, '800013EX', 'Rattaché au gestionnaire', 1),
(1478, 7, 289, 'Lycée', NULL, NULL, '800046RG', 'Service général', 1),
(1479, 7, 289, 'Lycée', NULL, NULL, '800046RM', 'Service maintenance', 1),
(1480, 7, 289, 'Lycée', NULL, NULL, '800046RR', 'Service Restauration', 1),
(1481, 7, 289, 'Lycée', NULL, NULL, '800046RX', 'Rattaché au gestionnaire', 1),
(1482, 7, 286, 'Lycée', NULL, NULL, '801252BG', 'Service général', 1),
(1483, 7, 286, 'Lycée', NULL, NULL, '801252BM', 'Servie maintenance', 1),
(1484, 7, 286, 'Lycée', NULL, NULL, '801252BR', 'Service Restauration', 1),
(1485, 7, 286, 'Lycée', NULL, NULL, '801252BX', 'Rattaché au gestionnaire', 1),
(1486, 7, 280, 'Lycée', NULL, NULL, '801272YG', 'Service Général', 1),
(1487, 7, 280, 'Lycée', NULL, NULL, '801272YM', 'Servie maintenance', 1),
(1488, 7, 280, 'Lycée', NULL, NULL, '801272YR', 'Service Restauration', 1),
(1489, 7, 280, 'Lycée', NULL, NULL, '801272YX', 'Rattaché au gestionnaire', 1),
(1490, 7, 266, 'Lycée', NULL, NULL, '801327HG', 'Service Général', 1),
(1491, 7, 266, 'Lycée', NULL, NULL, '801327HM', 'Service maintenance', 1),
(1492, 7, 266, 'Lycée', NULL, NULL, '801327HX', 'Rattaché au gestionnaire', 1),
(1493, 7, 291, 'Lycée', NULL, NULL, '801328JG', 'Service général', 1),
(1494, 7, 291, 'Lycée', NULL, NULL, '801328JM', 'Service maintenance', 1),
(1495, 7, 291, 'Lycée', NULL, NULL, '801328JR', 'Service restauration', 1),
(1496, 7, 260, 'Lycée', NULL, NULL, '801335SR', 'Service restauration', 1),
(1497, 7, 260, 'Lycée', NULL, NULL, '801335SX', 'Rattaché au gestionnaire', 1),
(1499, 7, 278, 'Lycée', NULL, NULL, '801628KG', 'Service général', 1),
(1500, 7, 278, 'Lycée', NULL, NULL, '801628KR', 'Service Restauration', 1),
(1501, 7, 278, 'Lycée', NULL, NULL, '801628KX', 'Rattaché au gestionnaire', 1),
(1502, 7, 268, 'Lycée', NULL, NULL, '801700NG', 'Service Général', 1),
(1503, 7, 268, 'Lycée', NULL, NULL, '801700NM', 'Service maintenance', 1),
(1504, 7, 268, 'Lycée', NULL, NULL, '801700NR', 'Service Restauration', 1),
(1505, 7, 268, 'Lycée', NULL, NULL, '801700NX', 'Rattaché au gestionnaire', 1),
(1506, 7, 283, 'Lycée', NULL, NULL, '801704TG', 'Service général', 1),
(1507, 7, 283, 'Lycée', NULL, NULL, '801704TM', 'Service maintenance', 1),
(1508, 7, 283, 'Lycée', NULL, NULL, '801704TR', 'Service restauration', 1),
(1509, 7, 293, 'Lycée', NULL, NULL, '801739FG', 'Service général', 1),
(1510, 7, 293, 'Lycée', NULL, NULL, '801739FR', 'Service Restauration', 1),
(1511, 7, 293, 'Lycée', NULL, NULL, '801739FX', 'Rattaché au gestionnaire', 1),
(1512, 7, 275, 'Lycée', NULL, NULL, '801841SG', 'Service général', 1),
(1513, 7, 275, 'Lycée', NULL, NULL, '801841SR', 'Service Restauration', 1),
(1514, 7, 275, 'Lycée', NULL, NULL, '801841SX', 'Rattaché au gestionnaire', 1),
(1515, 7, 287, 'Lycée', NULL, NULL, '801853EG', 'Service Général', 1),
(1516, 7, 287, 'Lycée', NULL, NULL, '801853EM', 'Service maintenance', 1),
(1517, 7, 287, 'Lycée', NULL, NULL, '801853ER', 'Service Restauration', 1),
(1518, 7, 287, 'Lycée', NULL, NULL, '801853EX', 'Rattaché au gestionnaire', 1),
(1519, 7, 284, 'Lycée', NULL, NULL, '801864SG', 'Service Général', 1),
(1520, 7, 284, 'Lycée', NULL, NULL, '801864SM', 'Service maintenance', 1),
(1521, 7, 284, 'Lycée', NULL, NULL, '801864SR', 'Service Restauration', 1),
(1522, 7, 284, 'Lycée', NULL, NULL, '801864SX', 'Rattaché au gestionnaire', 1),
(1523, 7, 273, 'Lycée', NULL, NULL, '801882LG', 'Service Général', 1),
(1524, 7, 273, 'Lycée', NULL, NULL, '801882LM', 'Service maintenance', 1),
(1525, 7, 273, 'Lycée', NULL, NULL, '801882LR', 'Service Restauration', 1),
(1526, 7, 273, 'Lycée', NULL, NULL, '801882LX', 'Rattaché au gestionnaire', 1),
(1527, 7, 281, 'Lycée', NULL, NULL, '801900FG', 'Service Général', 1),
(1528, 7, 281, 'Lycée', NULL, NULL, '801900FM', 'Service maintenance', 1),
(1529, 7, 281, 'Lycée', NULL, NULL, '801900FR', 'Service Restauration', 1),
(1530, 7, 281, 'Lycée', NULL, NULL, '801900FX', 'Rattaché au gestionnaire', 1),
(1533, 8, 453, 'Siège', '59', 'LILLE', '34E0041', 'Secteur fonds structurels', 1),
(1534, 8, 453, 'Siège', '59', 'LILLE', '34E0042', 'Secteur gestion', 1),
(1535, 8, 496, 'Lycée', NULL, NULL, '020050U1', 'Secteur production', 1),
(1536, 8, 496, 'Lycée', NULL, NULL, '020050U2', 'Secteur distribution du lycée Henry Martin', 1),
(1537, 8, 496, 'Lycée', NULL, NULL, '020050U3', 'Secteur distribution du lycée de Condorcet', 1),
(1538, 8, 516, 'Lycée', NULL, NULL, '021476U1', 'Secteur production du lycée de VInci', 1),
(1539, 8, 516, 'Lycée', NULL, NULL, '021476U2', 'Secteur distribution du lycée Léonard de Vinci', 1),
(1540, 8, 516, 'Lycée', NULL, NULL, '021476U3', 'Secteur distribution du lycée de Nerval', 1),
(1542, 8, 449, 'Siège', NULL, NULL, '20A0021', 'Secteur enregistrement', 1),
(1543, 8, 449, 'Siège', NULL, NULL, '20A0022', 'Secteur arrivées/départs', 1),
(1553, 8, 582, 'Siège', NULL, NULL, '30A0031', 'Secteur cinéma audiovisuel, nouvelles images', 1),
(1554, 8, 591, 'Siège', NULL, NULL, '31AB021', 'Secteur Aisne', 1),
(1555, 8, 591, 'Siège', NULL, NULL, '31AB022', 'Secteur Dunkerque, Calais, Boulogne', 1),
(1556, 8, 591, 'Siège', NULL, NULL, '31AB023', 'Secteur Douaisis, Cambrésis, Arrageois', 1),
(1557, 8, 591, 'Siège', NULL, NULL, '31AB026', 'Secteur Oise', 1),
(1558, 8, 424, 'Siège', NULL, NULL, '31AB028', 'Secteur Somme', 1),
(1559, 8, 594, 'Siège', NULL, NULL, '31DA011', 'SAF Secteur 1', 1),
(1560, 8, 594, 'Siège', NULL, NULL, '31DA012', 'SAF Secteur 2', 1),
(1561, 8, 594, 'Siège', NULL, NULL, '31DA013', 'SAF Secteur 3', 1),
(1562, 8, 594, 'Siège', NULL, NULL, '31DA014', 'SAF Secteur 4', 1),
(1563, 8, 594, 'Siège', NULL, NULL, '31DA015', 'SAF Secteur 5', 1),
(1564, 8, 595, 'Siège', NULL, NULL, '31DA021', 'Secteur marchés publics', 1),
(1565, 8, 426, 'Siège', NULL, NULL, '31DB001', 'Secteur  appui logistique des équipes mobiles', 1),
(1566, 8, 596, 'Siège', NULL, NULL, '31DB011', 'Secteur A', 1),
(1567, 8, 596, 'Siège', NULL, NULL, '31DB012', 'Secteur B', 1),
(1568, 8, 597, 'Siège', NULL, NULL, '31DB021', 'Secteur C', 1),
(1569, 8, 597, 'Siège', NULL, NULL, '31DB022', 'Secteur D', 1),
(1570, 8, 598, 'Siège', NULL, NULL, '31DB031', 'Secteur E', 1),
(1571, 8, 598, 'Siège', NULL, NULL, '31DB032', 'Secteur F', 1),
(1572, 8, 598, 'Siège', NULL, NULL, '31DB033', 'Secteur G', 1),
(1573, 8, 429, 'Siège', NULL, NULL, '32AA001', 'Secteur fonds européens', 1),
(1574, 8, 618, 'Port', NULL, NULL, '32B0011', 'Secteur comptabilité', 1),
(1575, 8, 618, 'Port', NULL, NULL, '32B0012', 'Secteur commande publique pilotage exploitation', 1),
(1576, 8, 620, 'Port', NULL, NULL, '32BA021', 'Secteur régie', 1),
(1577, 8, 621, 'Port', NULL, NULL, '32BA031', 'Secteur régie', 1),
(1578, 8, 338, 'Port', NULL, NULL, '32BA042', 'Secteur achats et magasin', 1),
(1579, 8, 622, 'Port', NULL, NULL, '32BB012', 'Secteur système d\'informations géographiques', 1),
(1580, 8, 622, 'Port', NULL, NULL, '32BB013', 'Secteur connaissance du patrimoine', 1),
(1581, 8, 623, 'Port', NULL, NULL, '32BB021', 'Secteur expertise et ressources techniques', 1),
(1582, 8, 627, 'Siège', NULL, NULL, '32DA011', 'Secteur exploitation du réseau', 1),
(1583, 8, 627, 'Siège', NULL, NULL, '32DA012', 'Secteur gestion financière', 1),
(1584, 8, 628, 'Siège', NULL, NULL, '32DA021', 'Secteur qualité et accompagnement à la mobilité', 1),
(1585, 8, 629, 'Siège', NULL, NULL, '32DB011', 'Secteur conventionnement et comptabilité', 1),
(1586, 8, 629, 'Siège', NULL, NULL, '32DB012', 'Secteur des demandes des usagers', 1),
(1587, 8, 630, 'Siège', NULL, NULL, '32DB021', 'Secteur études, organisation des services', 1),
(1588, 8, 631, 'Siège', NULL, NULL, '32DD011', 'Secteur gestion financière et relations avec les usagers', 1),
(1589, 8, 438, 'Siège', NULL, NULL, '32DE001', 'Secteur exploitation du réseau et étude de l\'offre de transport', 1),
(1590, 8, 639, 'Siège', NULL, NULL, '33B0021', 'Secteur fonds européens', 1),
(1593, 8, 407, 'Siège', NULL, NULL, '33F0001', 'Secteur prévention', 1),
(1594, 8, 407, 'Siège', NULL, NULL, '33F0002', 'Secteur offres de soins', 1),
(1596, 8, 661, 'Siège', NULL, NULL, '34AA011', 'Secteur orientation', 1),
(1597, 8, 661, 'Siège', NULL, NULL, '34AA012', 'Secteur programmes régionaux de formation', 1),
(1598, 8, 662, 'Siège', NULL, NULL, '34AA021', 'Secteur Amiénois sud Picardie', 1),
(1599, 8, 662, 'Siège', NULL, NULL, '34AA022', 'Secteur Artois Douaisis', 1),
(1600, 8, 662, 'Siège', NULL, NULL, '34AA023', 'Secteur Flandres littoral', 1),
(1601, 8, 662, 'Siège', NULL, NULL, '34AA024', 'Secteur Hainaut Thiérache', 1),
(1602, 8, 662, 'Siège', NULL, NULL, '34AA025', 'Secteur MEL', 1),
(1603, 8, 666, 'Siège', NULL, NULL, '34AC011', 'Secteur subventions', 1),
(1604, 8, 666, 'Siège', NULL, NULL, '34AC012', 'Secteur commande publique', 1),
(1606, 8, 671, 'Siège', NULL, NULL, '34B0041', 'Secteur fonds européens', 1),
(1608, 8, 388, 'Siège', NULL, NULL, '34D0021', 'Secteur territoires', 1),
(1609, 8, 677, 'Siège', NULL, NULL, '34D0022', 'Secteur starter booster', 1),
(1614, 8, 685, 'Siège', NULL, NULL, '35A0031', 'Secteur autorité nationale et contrôle', 1),
(1615, 8, 685, 'Siège', NULL, NULL, '35A0032', 'Secteur animateurs programmes et coopération institutionnelle', 1),
(1616, 8, 686, 'Siège', NULL, NULL, '35A0041', 'Secteur gestion des opérations FSE/IEJ', 1),
(1617, 8, 686, 'Siège', NULL, NULL, '35A0042', 'Secteur coordination et appui aux services instructeurs FESI', 1),
(1618, 8, 687, 'Siège', NULL, NULL, '35A0051', 'Secteur instruction FSE/IEJ', 1),
(1619, 8, 687, 'Siège', NULL, NULL, '35A0052', 'Secteur coordination et appui aux services instructeurs FESI', 1),
(1620, 8, 697, 'Siège', NULL, NULL, '40DB021', 'Secteur usages et postes de travail Amiens', 1),
(1621, 8, 697, 'Siège', NULL, NULL, '40DB022', 'Secteur usages et postes de travail Ports', 1),
(1622, 8, 697, 'Siège', NULL, NULL, '40DB023', 'Secteur usages et postes de travail Lille', 1),
(1623, 8, 369, 'Siège', NULL, NULL, '4100011', 'Secteur commande publique', 1),
(1624, 8, 351, 'Siège', NULL, NULL, '41A0022', 'Secteur chauffeurs', 1),
(1625, 8, 699, 'Siège', NULL, NULL, '41A0041', 'Secteur documentation', 1),
(1626, 8, 699, 'Siège', NULL, NULL, '41A0042', 'Secteur archives', 1),
(1627, 8, 299, 'Siège', NULL, NULL, '41A0051', 'Secteur achats, stocks, coursiers', 1),
(1628, 8, 299, 'Siège', NULL, NULL, '41A0052', 'Secteur propreté', 1),
(1629, 8, 700, 'Siège', NULL, NULL, '41C0011', 'Secteur accueil standard', 1),
(1630, 8, 700, 'Siège', NULL, NULL, '41C0012', 'Secteur réceptions', 1),
(1632, 8, 704, 'Siège', NULL, NULL, '41D0032', 'Secteur prévention des risques', 1),
(1633, 8, 712, 'Siège', NULL, NULL, '42C0011', 'Antenne régionale de Lille', 1),
(1634, 8, 712, 'Siège', NULL, NULL, '42C0012', 'Antenne régionale d\'Amiens', 1),
(1635, 8, 712, 'Siège', NULL, NULL, '42C0013', 'Antenne régionale de Montdidier', 1),
(1636, 8, 712, 'Siège', NULL, NULL, '42C0014', 'Antenne régionale de Soissons', 1),
(1637, 8, 712, 'Siège', NULL, NULL, '42C0015', 'Antenne régionale de Clermont', 1),
(1638, 8, 712, 'Siège', NULL, NULL, '42C0016', 'Antenne régionale de Fourmies', 1),
(1639, 8, 712, 'Siège', NULL, NULL, '42C0017', 'Antenne régionale de Frévent', 1),
(1640, 8, 712, 'Siège', NULL, NULL, '42C0018', 'Antenne régionale de Montreuil sur mer', 1),
(1641, 8, 712, 'Siège', NULL, NULL, '42C0019', 'Antenne régionale de Saint Quentin', 1),
(1642, 8, 712, 'Siège', NULL, NULL, '42C001A', 'Antenne régionale de Cambrai', 1),
(1643, 8, 712, 'Siège', NULL, NULL, '42C001B', 'Antenne régionale de Château Thierry', 1),
(1644, 8, 712, 'Siège', NULL, NULL, '42C001C', 'Antenne régionale de Calais', 1),
(1645, 8, 712, 'Siège', NULL, NULL, '42C001D', 'Antenne régionale de Laon', 1),
(1646, 8, 712, 'Siège', NULL, NULL, '42C001E', 'Antenne régionale d\'Arras', 1),
(1647, 8, 712, 'Siège', NULL, NULL, '42C001F', 'Antenne régionale d\'Hazebrouck', 1),
(1649, 8, 713, 'Siège', NULL, NULL, '42C0022', 'Secteur gestion et instruction des aides individuelles', 1),
(1650, 8, 1206, 'Lycée', NULL, NULL, '601863Z1', 'Secteur production', 1),
(1651, 8, 1206, 'Lycée', NULL, NULL, '601863Z2', 'Secteur distribution du lycée Charles de Gaulle', 1),
(1652, 8, 1206, 'Lycée', NULL, NULL, '601863Z3', 'Secteur distribution du lycée Charles de Bovelles', 1),
(1653, 8, 1206, 'Lycée', NULL, NULL, '601863Z4', 'Secteur distribution du lycée Mireille Grenet', 1),
(1654, 8, 1206, 'Lycée', NULL, NULL, '601863Z5', 'Secteur distribution du lycée Pierre d\'Ailly', 1),
(1655, 8, 1467, 'Lycée', NULL, NULL, '800009A1', 'Secteur production', 1),
(1656, 8, 1467, 'Lycée', NULL, NULL, '800009A2', 'Secteur distribution du lycée la Hotoie', 1),
(1657, 8, 1467, 'Lycée', NULL, NULL, '800009A3', 'Secteur magasinage du lycée Louis Thuillier', 1),
(1658, 10, 372, 'Siège', '59', 'LILLE', '11A00001', 'Cellule chargé-e-s de communication', 1),
(1659, 10, 374, 'Siège', '59', 'LILLE', '20A00001', 'Fonctions transverses d\'appui au pilotage', 1),
(1661, 10, 389, 'Siège', '59', 'LILLE', '34E00001', 'Cellule projets transversaux', 1),
(1662, 10, 456, 'Siège', '59', 'LILLE', '40B00102', 'Cellule supports outils modélisation', 1),
(1663, 10, 560, 'Siège', NULL, NULL, '11B00101', 'Cellule gestion du courrier réservé', 1),
(1664, 10, 560, 'Siège', NULL, NULL, '11B00102', 'Cellule gestion des représentations', 1),
(1665, 10, 563, 'Siège', NULL, NULL, '20A00401', 'Cellule des collaborateurs d\'élus', 1),
(1666, 10, 563, 'Siège', NULL, NULL, '20A00402', 'Cellule des collaborateurs de groupe politique 1', 1),
(1668, 10, 402, 'Siège', NULL, NULL, '30F00001', 'Cellule ingénierie et projets transversaux', 1),
(1670, 10, 595, 'Siège', NULL, NULL, '31DA0201', 'Cellule sinistres, risques et contentieux', 1),
(1671, 10, 1566, 'Siège', NULL, NULL, '31DB0111', 'Equipe mobile 1 de Bruay la Buissière', 1),
(1672, 10, 1566, 'Siège', NULL, NULL, '31DB0112', 'Equipe mobile 2 de Bruay la Buissière', 1),
(1673, 10, 1566, 'Siège', NULL, NULL, '31DB0113', 'Equipe mobile de Carvin', 1),
(1674, 10, 1566, 'Siège', NULL, NULL, '31DB0114', 'Equipe mobile de La  Madeleine', 1),
(1675, 10, 1566, 'Siège', NULL, NULL, '31DB0115', 'Equipe mobile de Lille', 1),
(1676, 10, 1567, 'Siège', NULL, NULL, '31DB0121', 'Equipe mobile de Berck sur mer', 1),
(1677, 10, 1567, 'Siège', NULL, NULL, '31DB0122', 'Equipe mobile de Boulogne sur mer', 1),
(1678, 10, 1567, 'Siège', NULL, NULL, '31DB0123', 'Equipe mobile de Calais', 1),
(1679, 10, 1567, 'Siège', NULL, NULL, '31DB0124', 'Equipe mobile de Dunkerque', 1),
(1680, 10, 1568, 'Siège', NULL, NULL, '31DB0211', 'Equipe mobile de Condé sur Escaut', 1),
(1681, 10, 1568, 'Siège', NULL, NULL, '31DB0212', 'Equipe mobile de Le Cateau', 1),
(1682, 10, 1568, 'Siège', NULL, NULL, '31DB0213', 'Equipe mobile de Lens', 1),
(1683, 10, 1568, 'Siège', NULL, NULL, '31DB0214', 'Equipe mobile de Maubeuge', 1),
(1684, 10, 1568, 'Siège', NULL, NULL, '31DB0215', 'Equipe mobile de Valenciennes', 1),
(1685, 10, 1569, 'Siège', NULL, NULL, '31DB0221', 'Equipe mobile d\'Arras', 1),
(1686, 10, 1569, 'Siège', NULL, NULL, '31DB0222', 'Equipe mobile de Douai', 1),
(1687, 10, 1569, 'Siège', NULL, NULL, '31DB0223', 'Equipe mobile de Roubaix', 1),
(1688, 10, 1569, 'Siège', NULL, NULL, '31DB0224', 'Equipe mobile de Villeneuve d\'Ascq', 1),
(1689, 10, 1570, 'Siège', NULL, NULL, '31DB0311', 'Equipe mobile entretien de Creil', 1),
(1690, 10, 1570, 'Siège', NULL, NULL, '31DB0312', 'Equipe mobile entretien de Péronne', 1),
(1691, 10, 1570, 'Siège', NULL, NULL, '31DB0313', 'Equipe mobile travaux de Laon', 1),
(1692, 10, 1570, 'Siège', NULL, NULL, '31DB0314', 'Equipe mobile travaux de Nogent sur Oise', 1),
(1693, 10, 1570, 'Siège', NULL, NULL, '31DB0315', 'Equipe mobile travaux de Péronne', 1),
(1694, 10, 1571, 'Siège', NULL, NULL, '31DB0321', 'Equipe mobile entretien d\'Amiens', 1),
(1695, 10, 1571, 'Siège', NULL, NULL, '31DB0322', 'Equipe mobile entretien de Soissons', 1),
(1696, 10, 1571, 'Siège', NULL, NULL, '31DB0323', 'Equipe mobile travaux d\'Amiens', 1),
(1697, 10, 1571, 'Siège', NULL, NULL, '31DB0324', 'Equipe mobile travaux de Beauvais', 1),
(1698, 10, 1571, 'Siège', NULL, NULL, '31DB0325', 'Equipe mobile travaux de Château Thierry', 1),
(1699, 10, 1572, 'Siège', NULL, NULL, '31DB0331', 'Equipe mobile entretien d\'Abbeville', 1),
(1700, 10, 1572, 'Siège', NULL, NULL, '31DB0332', 'Equipe mobile entretien de Saint Quentin', 1),
(1701, 10, 1572, 'Siège', NULL, NULL, '31DB0333', 'Equipe mobile travaux d\'Abbeville', 1),
(1702, 10, 1572, 'Siège', NULL, NULL, '31DB0334', 'Equipe mobile travaux de Compiègne', 1),
(1703, 10, 1572, 'Siège', NULL, NULL, '31DB0335', 'Equipe mobile travaux de Saint Quentin', 1),
(1704, 10, 429, 'Siège', NULL, NULL, '32AA0001', 'Cellule équipe projet réseau express Grand Lille', 1),
(1705, 10, 618, 'Port', NULL, NULL, '32B00101', 'Cellule institutionnelle - pilotage aménagement et développement', 1),
(1706, 10, 431, 'Port', NULL, NULL, '32BA0001', 'Cellule qualité, santé environnement', 1),
(1707, 10, 620, 'Port', NULL, NULL, '32BA0201', 'Cellule ordonnancement et projets', 1),
(1708, 10, 1576, 'Port', NULL, NULL, '32BA0211', 'Atelier maintenance des équipements de Calais', 1),
(1709, 10, 1576, 'Port', NULL, NULL, '32BA0213', 'Atelier maintenance des équipements de Boulogne', 1),
(1710, 10, 1577, 'Port', NULL, NULL, '32BA0311', 'Cellule de Boulogne', 1),
(1711, 10, 1577, 'Port', NULL, NULL, '32BA0312', 'Cellule de Calais', 1),
(1712, 10, 336, 'Port', NULL, NULL, '32BA0411', 'Cellule centre exploitation', 1),
(1713, 10, 1578, 'Port', NULL, NULL, '32BA0421', 'Cellule achats', 1),
(1714, 10, 1578, 'Port', NULL, NULL, '32BA0422', 'Cellule magasin', 1),
(1715, 10, 352, 'Port', NULL, NULL, '32BB0111', 'Cellule environnement', 1),
(1716, 10, 623, 'Port', NULL, NULL, '32BB0201', 'Cellule conception et réalisation', 1),
(1717, 10, 624, 'Port', NULL, NULL, '32BC0101', 'Cellule aménagement foncier', 1),
(1718, 10, 624, 'Port', NULL, NULL, '32BC0102', 'Cellule administration portuaire, gestion concessions et prospective', 1),
(1719, 10, 436, 'Siège', NULL, NULL, '32DC0001', 'Cellule gestion financière et relations avec les usagers', 1),
(1720, 10, 436, 'Siège', NULL, NULL, '32DC0002', 'Cellule exploitation du réseau et étude de l\'offre de transport', 1),
(1721, 10, 631, 'Siège', NULL, NULL, '32DD0101', 'Cellule exploitation du réseau et étude de l\'offre de transport', 1),
(1722, 10, 381, 'Siège', NULL, NULL, '33A00001', 'Mission coordination et partenariats', 1),
(1723, 10, 383, 'Siège', NULL, NULL, '33C00001', 'Cellule projet stratégies biodiversité', 1),
(1724, 10, 408, 'Siège', NULL, NULL, '33G00001', 'Cellule gestion de projets', 1),
(1725, 10, 1597, 'Siège', NULL, NULL, '34AA0121', 'Cellule programme régional de formation', 1),
(1726, 10, 1597, 'Siège', NULL, NULL, '34AA0122', 'Cellule programmes spécifiques', 1),
(1727, 10, 663, 'Siège', NULL, NULL, '34AB0101', 'Cellule accords sectoriels et relations avec les branches', 1),
(1728, 10, 664, 'Siège', NULL, NULL, '34AB0201', 'Cellule observation et prospective', 1),
(1729, 10, 664, 'Siège', NULL, NULL, '34AB0202', 'Cellule études et évaluations', 1),
(1730, 10, 667, 'Siège', NULL, NULL, '34AC0201', 'Cellule Systèmes d\'informations et data internes', 1),
(1731, 10, 667, 'Siège', NULL, NULL, '34AC0202', 'Cellule contrôle', 1),
(1732, 10, 386, 'Siège', NULL, NULL, '34B00001', 'Cellule projets transversaux', 1),
(1733, 10, 676, 'Siège', NULL, NULL, '34D00101', 'Cellule fonds européens', 1),
(1734, 10, 676, 'Siège', NULL, NULL, '34D00102', 'Cellule fonds régionaux', 1),
(1735, 10, 677, 'Siège', NULL, NULL, '34D00201', 'Cellule territoires', 1),
(1736, 10, 677, 'Siège', NULL, NULL, '34D00202', 'Cellule starter booster', 1),
(1737, 10, 677, 'Siège', NULL, NULL, '34D00203', 'Secteur artisanat', 1),
(1738, 10, 677, 'Siège', NULL, NULL, '34D00204', 'Secteur digitalisation des TPE', 1),
(1739, 10, 390, 'Siège', NULL, NULL, '34G00001', 'Cellule support', 1),
(1742, 10, 409, 'Siège', NULL, NULL, '34J00001', 'Cellule projet transverse industrie du futur et plan robotique', 1),
(1743, 10, 367, 'Siège', NULL, NULL, '35000001', 'Cellule de coordination de pôle', 1),
(1745, 10, 456, 'Siège', NULL, NULL, '40B00103', 'Cellule commande publique et fonds européens', 1),
(1746, 10, 399, 'Siège', NULL, NULL, '40D00001', 'Cellule pilotage et animation stratégique', 1),
(1747, 10, 399, 'Siège', NULL, NULL, '40D00002', 'Cellule réseau régional de télécommunications', 1),
(1748, 10, 444, 'Siège', NULL, NULL, '40DB0001', 'Cellule ingénierie de projets', 1),
(1749, 10, 369, 'Siège', NULL, NULL, '41000101', 'Cellule fonction finances', 1),
(1752, 10, 699, 'Siège', NULL, NULL, '41A00401', 'Cellule projets numériques', 1),
(1753, 10, 1627, 'Siège', NULL, NULL, '41A00511', 'Cellule coursiers', 1),
(1754, 10, 1627, 'Siège', NULL, NULL, '41A00512', 'Cellule achats', 1),
(1755, 10, 1627, 'Siège', NULL, NULL, '41A00513', 'Cellule gestion des stocks', 1),
(1756, 10, 701, 'Siège', NULL, NULL, '41C00201', 'Cellule régie sièges', 1),
(1757, 10, 701, 'Siège', NULL, NULL, '41C00202', 'Cellule manifestation extérieures', 1),
(1758, 10, 701, 'Siège', NULL, NULL, '41C00203', 'Cellule matériels scéniques', 1),
(1759, 10, 701, 'Siège', NULL, NULL, '41C00204', 'Cellule gestion des espaces', 1),
(1760, 10, 411, 'Siège', NULL, NULL, '41D00001', 'Cellule risques cyber', 1),
(1761, 10, 703, 'Siège', NULL, NULL, '41D00201', 'Unité d\'exploitation de sécurité et de sûreté', 1),
(1762, 10, 703, 'Siège', NULL, NULL, '41D00202', 'Unité de veille opérationnelle et gestion de crise', 1),
(1764, 7, 403, 'Siège', NULL, NULL, '31C002', 'Service ingénierie expertise et prospective', 1),
(1765, 7, 381, 'Siège', NULL, NULL, '33A005', 'Service transition climatique et planification des déchets', 1),
(1766, 7, 386, 'Siège', NULL, NULL, '34B005', 'Service valorisation et développement de l\'alternance et des métiers', 1),
(1767, 7, 386, 'Siège', NULL, NULL, '34B006', 'Service de rapprochement et d\'appui aux apprentis et entreprises', 1),
(1768, 7, 386, 'Siège', NULL, NULL, '34B007', 'Service formation et territoires', 1),
(1769, 7, 390, 'Siège', NULL, NULL, '34G001', 'Service innovations énergétiques', 1),
(1770, 7, 390, 'Siège', NULL, NULL, '34G002', 'Service économie circulaire', 1),
(1771, 7, 390, 'Siège', NULL, NULL, '34G003', 'Service administratif et financier', 1),
(1772, 8, 1764, 'Siège', NULL, NULL, '31C0021', 'Secteur gestion des risques patrimoniaux', 1),
(1773, 8, 351, 'Siège', NULL, NULL, '41A0023', 'Secteur gestion des déplacements', 1),
(1774, 10, 675, 'Siège', NULL, NULL, '34C00401', 'Cellule prêts et recouvrement', 1),
(1775, 10, 675, 'Siège', NULL, NULL, '34C00402', 'Cellule subvention, abondement de fonds et partenariats', 1),
(1776, 10, 1773, 'Siège', NULL, NULL, '41A00231', 'Cellule gestion déplacements - unité Nord', 1),
(1777, 10, 1773, 'Siège', NULL, NULL, '41A00232', 'Cellule gestion des déplacements - unité sud', 1),
(1778, 8, 648, 'Siège', NULL, NULL, '33C0011', 'Secteur gestion financière', 1),
(1779, 8, 648, 'Siège', NULL, NULL, '33C0012', 'Secteur FEDER', 1),
(1780, 10, 396, 'Siège', NULL, NULL, '40A00002', 'Cellule instruments financier', 1),
(1781, 10, 563, 'Siège', NULL, NULL, '20A00403', 'Cellule des collaborateurs de groupe politique 2', 1),
(1782, 10, 563, 'Siège', NULL, NULL, '20A00404', 'Cellule des collaborateurs de groupe politique 3', 1),
(1783, 7, 16, 'Lycée', NULL, NULL, '020060EG', 'Service général', 1),
(1784, 7, 16, 'Lycée', NULL, NULL, '020060EM', 'Service maintenance', 1),
(1785, 7, 16, 'Lycée', NULL, NULL, '020060ER', 'Service restauration', 1),
(1786, 7, 19, 'Lycée', NULL, NULL, '021522UG', 'Service général', 1),
(1787, 7, 19, 'Lycée', NULL, NULL, '021522UM', 'Service maintenance', 1),
(1788, 7, 19, 'Lycée', NULL, NULL, '021522UR', 'Service restauration', 1),
(1789, 7, 15, 'Lycée', NULL, NULL, '021523VG', 'Service général', 1),
(1790, 7, 15, 'Lycée', NULL, NULL, '021523VM', 'Service maintenance', 1),
(1791, 7, 15, 'Lycée', NULL, NULL, '021523VR', 'Service restauration', 1),
(1792, 7, 260, 'Lycée', NULL, NULL, '801335SG', 'Service général', 1),
(1793, 5, 354, 'Lycée', '59', 'MARCQ-EN-BAROEUL', '0597115N', 'ÉCOLE EUROPÉENNE LILLE MÉTROPOLE', 1),
(1794, 7, 375, 'Siège', NULL, NULL, '20B001', 'Service dialogue social et gestion des temps', 1),
(1795, 7, 375, 'Siège', NULL, NULL, '20B002', 'Service des systèmes d\'information des ressources humaines', 1),
(1796, 7, 375, 'Siège', NULL, NULL, '20B003', 'Service administratif et financier', 1),
(1797, 7, 419, 'Siège', NULL, NULL, '20BB05', 'Service accompagnement professionnel et maintien dans l\'emploi', 1),
(1798, 7, 419, 'Siège', NULL, NULL, '20BB06', 'Service accompagnement collectif, organisation, GPEC', 1),
(1799, 7, 420, 'Siège', NULL, NULL, '20BC05', 'Service formation et innovation pédagogique', 1),
(1800, 7, 421, 'Siège', NULL, NULL, '20BD04', 'Service expertise statutaire et élus', 1),
(1801, 7, 421, 'Siège', NULL, NULL, '20BD05', 'Service maladie et accident', 1),
(1802, 7, 392, 'Siège', NULL, NULL, '34I001', 'Service animation territoriale 1', 1),
(1803, 7, 392, 'Siège', NULL, NULL, '34I002', 'Service animation territoriale 2', 1),
(1804, 7, 392, 'Siège', NULL, NULL, '34I003', 'Service animation territoriale 3', 1),
(1805, 7, 392, 'Siège', NULL, NULL, '34I004', 'Service animation territoriale 4', 1),
(1806, 7, 371, 'Lycée', NULL, NULL, '597115NG', 'Service général', 1),
(1807, 7, 371, 'Lycée', NULL, NULL, '597115NX', 'Ecole Européenne Lille Métropole - Marcq en baroeul', 1),
(1808, 8, 419, 'Siège', NULL, NULL, '20BB021', 'Secteur accompagnement social', 1),
(1809, 8, 376, 'Siège', NULL, NULL, '20C0004', 'Secteur développement des projets de cohésion', 1),
(1810, 8, 376, 'Siège', NULL, NULL, '20C0005', 'Secteur développement des réseaux d\'information', 1),
(1811, 8, 712, 'Siège', NULL, NULL, '42C001G', 'Antenne régionale de Granvilliers', 1),
(1812, 8, 712, 'Siège', NULL, NULL, '42C001H', 'Antenne régionale d\'Abbeville', 1),
(1813, 8, 712, 'Siège', NULL, NULL, '42C001I', 'Antenne régionale de Valenciennes', 1),
(1814, 8, 713, 'Siège', NULL, NULL, '42C0023', 'Secteur administratif et financier', 1),
(1815, 10, 375, 'Siège', NULL, NULL, '20B00001', 'Cellule ressource, pilotage et dialogue social', 1),
(1816, 10, 570, 'Siège', NULL, NULL, '20BB0201', 'Cellule action sociale et protection sociale', 1),
(1817, 10, 1805, 'Siège', NULL, NULL, '34I00401', 'Plateforme de Soissons', 1),
(1818, 10, 1805, 'Siège', NULL, NULL, '34I00402', 'Plateforme de Saint Quentin', 1),
(1819, 5, 363, 'Siège', NULL, NULL, '31E', 'Mission Proch\'Orientation', 1),
(1820, 7, 390, 'Siège', NULL, NULL, '34G004', 'Service attractivité et proximité', 1),
(1821, 7, 291, 'Lycée', NULL, NULL, '801328JX', 'Service rattaché au gestionnaire', 1),
(1822, 7, 283, 'Lycée', NULL, NULL, '801704TX', 'Service rattaché au gestionnaire', 1),
(1823, 10, 378, 'Siège', NULL, NULL, '30B00001', 'Cellule équipements sportifs', 1),
(1824, 5, 354, 'Lycée', '62', 'LIÉVIN', '0624494Y', 'MICROLYCÉE DE LIÉVIN', 1),
(1825, 10, 563, 'Siège', NULL, NULL, '20A00405', 'Cellule des collaborateurs de groupe politique 4', 1),
(1826, 8, 411, 'Siège', NULL, NULL, '41D0001', 'secteur prévention des risques et sécurité au travail', 1),
(1827, 10, 411, 'Siège', NULL, NULL, '41D00002', 'Cellule risques dans les transports', 1);

-- --------------------------------------------------------

--
-- Structure de la table `structure_type`
--

CREATE TABLE `structure_type` (
  `id` int(10) UNSIGNED NOT NULL,
  `libelle` varchar(64) NOT NULL,
  `niveau` tinyint(1) UNSIGNED DEFAULT NULL,
  `actif` tinyint(1) UNSIGNED NOT NULL DEFAULT 1
) ENGINE=InnoDB DEFAULT CHARSET=utf8;

--
-- Déchargement des données de la table `structure_type`
--

INSERT INTO `structure_type` (`id`, `libelle`, `niveau`, `actif`) VALUES
(1, 'Lycée', NULL, 0),
(2, 'Port', NULL, 0),
(3, 'Pôle', 1, 1),
(4, 'DGA', NULL, 0),
(5, 'Direction', 2, 1),
(6, 'Département', 3, 1),
(7, 'Service', 4, 1),
(8, 'Secteur', 5, 1),
(9, 'Autorité', 0, 1),
(10, 'Cellule', 6, 1);

-- --------------------------------------------------------

--
-- Structure de la table `utilisateur`
--

CREATE TABLE `utilisateur` (
  `id` int(10) UNSIGNED NOT NULL,
  `structure_id` int(10) UNSIGNED NOT NULL,
  `created_at` datetime NOT NULL,
  `updated_at` datetime DEFAULT NULL,
  `civilite` varchar(3) NOT NULL,
  `nom` varchar(64) NOT NULL,
  `prenom` varchar(32) NOT NULL,
  `email` varchar(128) NOT NULL,
  `telephone` varchar(15) DEFAULT NULL,
  `role` varchar(255) NOT NULL,
  `actif` tinyint(1) NOT NULL,
  `referent_dsi` tinyint(1) NOT NULL DEFAULT 0,
  `srod` tinyint(1) NOT NULL DEFAULT 0,
  `bowi` tinyint(1) NOT NULL DEFAULT 0,
  `login` varchar(16) NOT NULL,
  `token` varchar(255) DEFAULT NULL,
  `token_date` date DEFAULT NULL
) ENGINE=InnoDB DEFAULT CHARSET=utf8;

--
-- Déchargement des données de la table `utilisateur`
--

INSERT INTO `utilisateur` (`id`, `structure_id`, `created_at`, `updated_at`, `civilite`, `nom`, `prenom`, `email`, `telephone`, `role`, `actif`, `referent_dsi`, `srod`, `bowi`, `login`, `token`, `token_date`) VALUES
(1, 1, '2019-04-12 00:00:00', '2020-01-31 16:24:31', 'M.', 'BOURGEOIS', 'David', 'david.bourgeois@hautsdefrance.fr', '0374276128', 'Super administrateur', 1, 0, 0, 0, 'bourgeoisd', NULL, NULL),
(2, 1, '2019-04-16 08:57:23', '2020-04-23 09:04:04', 'M.', 'LOUCHET', 'Olivier', 'olivier.louchet@hautsdefrance.fr', '0374276110', 'Super administrateur', 0, 0, 0, 0, 'loucheto', NULL, NULL),
(6, 1, '2020-06-11 11:08:31', '2020-07-07 16:02:54', 'M.', 'Levert', 'Rayan', 'test@hotmail.fr', '032655', 'Administrateur', 1, 1, 0, 1, 'rayan', NULL, NULL),
(14, 312, '2020-06-22 13:56:56', NULL, 'M.', 'DUPONT', 'SROD', 'srod@hotmail.fr', '0606060606', 'Administrateur', 1, 0, 1, 0, 'srodLogin', NULL, NULL),
(15, 301, '2020-06-22 13:57:27', '2020-07-07 16:00:01', 'M.', 'NON', 'DSI', 'dsi@hotmail.fr', '0606060606', 'Aucun droit', 1, 1, 0, 0, 'dsiLogin', NULL, NULL),
(30, 1, '2020-06-30 09:30:20', '2020-07-09 16:38:52', 'M.', 'DUPONTT', 'BOWI', 'bowi@hotmail.fr', '0656423', 'Administrateur', 1, 1, 0, 1, 'bowiLogin', NULL, NULL),
(31, 362, '2020-07-03 14:22:25', '2020-07-09 16:36:18', 'M.', 'FEZ', 'Fze', 'fzefez@hotmail.fr', '0142454', 'Administrateur', 1, 1, 0, 1, 'fez', NULL, NULL),
(32, 1554, '2020-07-06 08:43:53', '2020-07-06 08:44:15', 'M.', 'FZEFZE', 'Fzefze', 'fzefez@hotmail.fr', '230', 'Aucun droit', 0, 1, 0, 1, 'fezfez', NULL, NULL),
(33, 362, '2020-07-06 09:13:05', '2020-07-06 09:13:05', 'M.', 'GERGR', 'Egerger', 'fzefez@hotmail.fr', '100505', 'Aucun droit', 1, 1, 0, 1, 'gerger', NULL, NULL),
(34, 585, '2020-07-07 10:37:21', '2020-07-07 10:37:21', 'M.', 'LEVERT', 'Rayan', 'rayanlevert@msn.com', '062365458', 'Administrateur', 1, 0, 1, 0, 'levertr', NULL, NULL),
(35, 585, '2020-07-07 10:37:38', '2020-07-07 10:37:38', 'M.', 'LEVERT', 'Rayan', 'rayanlevert@msn.com', '062365458', 'Administrateur', 1, 0, 1, 0, 'rayanl', NULL, NULL),
(36, 362, '2020-07-07 10:39:35', '2020-07-08 11:31:18', 'M.', 'FEZ', 'Fzefze', 'rayanlevert@msn.com', '15657878', 'Aucun droit', 1, 0, 1, 0, 'fezfze', NULL, NULL),
(37, 362, '2020-07-07 10:45:05', '2020-07-07 10:45:05', 'M.', 'FZEFZE', 'Fzefz', 'rayanlevert@msn.com', '03636', 'Administrateur', 1, 0, 1, 0, 'fezfzezef', NULL, NULL),
(38, 362, '2020-07-07 10:47:34', '2020-07-07 10:47:34', 'M.', 'FEZFEZ', 'Fzef', 'rayanlevert@msn.com', '065326462', 'Aucun droit', 1, 0, 0, 0, 'fzead', NULL, NULL),
(41, 362, '2020-07-07 10:56:45', '2020-07-07 10:56:45', 'M.', 'FZEFZ', 'Fzefze', 'rayanlevert@msn.com', '026', 'Aucun droit', 1, 0, 1, 0, 'fzezdfa', NULL, NULL),
(42, 362, '2020-07-07 11:00:38', '2020-07-07 11:00:38', 'M.', 'GRGER', 'Greger', 'rayanlevert@msn.com', '0636636535', 'Aucun droit', 1, 0, 1, 0, 'gergefr', NULL, NULL),
(43, 362, '2020-07-07 11:02:09', '2020-07-07 11:02:09', 'M.', 'FZFZE', 'Fzefze', 'rayanlevert@msn.com', '056', 'Aucun droit', 1, 0, 1, 0, 'fzefzeaza', NULL, NULL),
(44, 362, '2020-07-07 11:05:08', '2020-07-07 11:05:08', 'M.', 'FEZFZE', 'Fze', 'rayanlevert@msn.com', '0663636', 'Administrateur', 1, 0, 1, 0, 'fzefzefezfze', NULL, NULL),
(45, 362, '2020-07-07 11:07:00', '2020-07-07 11:07:00', 'M.', 'FEZF', 'Fezf', 'rayanlevert@msn.com', '06', 'Aucun droit', 1, 0, 0, 0, 'fadf', NULL, NULL),
(46, 362, '2020-07-07 11:16:55', '2020-07-07 11:16:55', 'M.', 'FZEFZE', 'Fezf', 'rayanlevert@msn.com', '0656265', 'Aucun droit', 1, 0, 1, 0, 'fefsd', NULL, NULL),
(47, 362, '2020-07-07 11:18:57', '2020-07-07 11:18:57', 'M.', 'GRE', 'Ger', 'rayanlevert@msn.com', '0', 'Aucun droit', 1, 0, 1, 0, 'eg', NULL, NULL),
(48, 362, '2020-07-07 11:20:55', '2020-07-07 11:20:55', 'M.', 'FEZF', 'Fezf', 'rayanlevert@msn.com', '0626', 'Aucun droit', 1, 0, 1, 0, 'fezfeazfzef', NULL, NULL),
(49, 362, '2020-07-07 11:33:49', '2020-07-07 11:33:49', 'M.', 'FZEFZE', 'Fze', 'rayanlevert@msn.com', '0636363636', 'Aucun droit', 1, 0, 1, 0, 'fzefze', NULL, NULL),
(50, 362, '2020-07-07 11:40:48', '2020-07-07 11:40:48', 'M.', 'GREG', 'Ergerger', 'rayanlevert@msn.com', '0665', 'Aucun droit', 1, 0, 1, 0, 'greger', NULL, NULL),
(51, 362, '2020-07-07 15:51:21', '2020-07-07 15:51:21', 'M.', 'FZE', 'Fzef', 'fezfez@hotmail.cpo', '05654', 'Administrateur', 1, 0, 1, 0, 'fzefzet(jy', NULL, NULL),
(52, 362, '2020-07-07 15:52:31', '2020-07-07 15:52:31', 'M.', 'FZE', 'Fze', 'fezfez@hotmail.cpo', '0656', 'Aucun droit', 1, 0, 1, 0, 'fa', NULL, NULL),
(53, 362, '2020-07-07 15:55:38', '2020-07-07 15:55:38', 'M.', 'FEZF', 'Fezfze', 'fezfez@hotmail.cpo', '05', 'Aucun droit', 1, 0, 0, 0, 'fezfaf', NULL, NULL),
(54, 362, '2020-07-08 11:21:20', '2020-07-08 11:21:20', 'M.', 'FZEFEZ', 'Fefzf', 'rayanlevert@msn.com', '056532564', 'Aucun droit', 1, 0, 1, 0, 'azee', NULL, NULL),
(55, 362, '2020-07-08 11:30:09', '2020-07-08 11:30:09', 'M.', 'GRE', 'Gre', 'rayanlevert@msn.com', '05564', 'Aucun droit', 1, 0, 1, 0, 'zegg', NULL, NULL),
(56, 362, '2020-07-08 12:33:41', '2020-07-10 11:53:39', 'M.', 'DSI', 'Rayan', 'rayanlevert@msn.com', '06645454', 'Administrateur', 1, 1, 0, 0, 'rerze', NULL, NULL),
(57, 362, '2020-07-08 12:35:49', '2020-07-08 12:35:49', 'M.', 'SROD', 'Rayan', 'rayanlevert@msn.com', '05264', 'Administrateur', 1, 0, 1, 0, 'fzefz', NULL, NULL);

--
-- Index pour les tables déchargées
--

--
-- Index pour la table `acces`
--
ALTER TABLE `acces`
  ADD PRIMARY KEY (`id`),
  ADD KEY `fk_acces_utilisateur1_idx` (`utilisateur_id`);

--
-- Index pour la table `commentaire`
--
ALTER TABLE `commentaire`
  ADD PRIMARY KEY (`id`),
  ADD UNIQUE KEY `id_UNIQUE` (`id`),
  ADD KEY `fk_commentaire_utilisateur1_idx` (`utilisateur_id`),
  ADD KEY `fk_commentaire_evolution1_idx` (`evolution_id`),
  ADD KEY `fk_commentaire_dispositif1_idx` (`dispositif_id`);

--
-- Index pour la table `dispositif`
--
ALTER TABLE `dispositif`
  ADD PRIMARY KEY (`id`),
  ADD KEY `fk_dispositif_structure1_idx` (`structure_id`),
  ADD KEY `fk_dispositif_utilisateur1_idx` (`srod_utilisateur_id`);

--
-- Index pour la table `evolution`
--
ALTER TABLE `evolution`
  ADD PRIMARY KEY (`id`),
  ADD UNIQUE KEY `id_UNIQUE` (`id`),
  ADD KEY `fk_evolution_utilisateur1_idx` (`srod_utilisateur_id`),
  ADD KEY `fk_evolution_utilisateur2_idx` (`dsi_utilisateur_id`),
  ADD KEY `dispositif_UNIQUE` (`dispositif_id`) USING BTREE,
  ADD KEY `version_UNIQUE` (`version`) USING BTREE,
  ADD KEY `fk_evolution_utilisateur3_idx` (`bowi_utilisateur_id`),
  ADD KEY `fk_statut_bowi_idx` (`id`);

--
-- Index pour la table `evolution_statut`
--
ALTER TABLE `evolution_statut`
  ADD PRIMARY KEY (`id`),
  ADD KEY `fk_evolution_statut_statut1_idx` (`statut_id`),
  ADD KEY `fk_evolution_statut_evolution1_idx` (`evolution_id`),
  ADD KEY `fk_evolution_statut_utilisateur1_idx` (`utilisateur_id`);

--
-- Index pour la table `mail_reporting`
--
ALTER TABLE `mail_reporting`
  ADD PRIMARY KEY (`id`),
  ADD UNIQUE KEY `id_UNIQUE` (`id`),
  ADD KEY `fk_destinataires` (`destinataires`),
  ADD KEY `fk_copieA` (`copie_a`) USING BTREE;

--
-- Index pour la table `migration_versions`
--
ALTER TABLE `migration_versions`
  ADD PRIMARY KEY (`version`);

--
-- Index pour la table `statut`
--
ALTER TABLE `statut`
  ADD PRIMARY KEY (`id`);

--
-- Index pour la table `structure`
--
ALTER TABLE `structure`
  ADD PRIMARY KEY (`id`),
  ADD KEY `structure_type_id` (`structure_type_id`),
  ADD KEY `pere_structure_id` (`pere_structure_id`);

--
-- Index pour la table `structure_type`
--
ALTER TABLE `structure_type`
  ADD PRIMARY KEY (`id`);

--
-- Index pour la table `utilisateur`
--
ALTER TABLE `utilisateur`
  ADD PRIMARY KEY (`id`),
  ADD KEY `structure_id` (`structure_id`);

--
-- AUTO_INCREMENT pour les tables déchargées
--

--
-- AUTO_INCREMENT pour la table `acces`
--
ALTER TABLE `acces`
  MODIFY `id` int(11) UNSIGNED NOT NULL AUTO_INCREMENT, AUTO_INCREMENT=112;

--
-- AUTO_INCREMENT pour la table `commentaire`
--
ALTER TABLE `commentaire`
  MODIFY `id` int(10) UNSIGNED NOT NULL AUTO_INCREMENT, AUTO_INCREMENT=5;

--
-- AUTO_INCREMENT pour la table `dispositif`
--
ALTER TABLE `dispositif`
  MODIFY `id` int(10) UNSIGNED NOT NULL AUTO_INCREMENT, AUTO_INCREMENT=2;

--
-- AUTO_INCREMENT pour la table `evolution`
--
ALTER TABLE `evolution`
  MODIFY `id` int(10) UNSIGNED NOT NULL AUTO_INCREMENT, AUTO_INCREMENT=14;

--
-- AUTO_INCREMENT pour la table `evolution_statut`
--
ALTER TABLE `evolution_statut`
  MODIFY `id` int(10) UNSIGNED NOT NULL AUTO_INCREMENT, AUTO_INCREMENT=68;

--
-- AUTO_INCREMENT pour la table `mail_reporting`
--
ALTER TABLE `mail_reporting`
  MODIFY `id` int(11) NOT NULL AUTO_INCREMENT, AUTO_INCREMENT=2;

--
-- AUTO_INCREMENT pour la table `statut`
--
ALTER TABLE `statut`
  MODIFY `id` int(10) UNSIGNED NOT NULL AUTO_INCREMENT, AUTO_INCREMENT=10;

--
-- AUTO_INCREMENT pour la table `structure`
--
ALTER TABLE `structure`
  MODIFY `id` int(10) UNSIGNED NOT NULL AUTO_INCREMENT, AUTO_INCREMENT=1828;

--
-- AUTO_INCREMENT pour la table `structure_type`
--
ALTER TABLE `structure_type`
  MODIFY `id` int(10) UNSIGNED NOT NULL AUTO_INCREMENT, AUTO_INCREMENT=11;

--
-- AUTO_INCREMENT pour la table `utilisateur`
--
ALTER TABLE `utilisateur`
  MODIFY `id` int(10) UNSIGNED NOT NULL AUTO_INCREMENT, AUTO_INCREMENT=58;

--
-- Contraintes pour les tables déchargées
--

--
-- Contraintes pour la table `acces`
--
ALTER TABLE `acces`
  ADD CONSTRAINT `fk_acces_utilisateur1` FOREIGN KEY (`utilisateur_id`) REFERENCES `utilisateur` (`id`) ON DELETE NO ACTION ON UPDATE NO ACTION;

--
-- Contraintes pour la table `commentaire`
--
ALTER TABLE `commentaire`
  ADD CONSTRAINT `fk_commentaire_dispositif1` FOREIGN KEY (`dispositif_id`) REFERENCES `dispositif` (`id`) ON DELETE NO ACTION ON UPDATE NO ACTION,
  ADD CONSTRAINT `fk_commentaire_evolution1` FOREIGN KEY (`evolution_id`) REFERENCES `evolution` (`id`) ON DELETE NO ACTION ON UPDATE NO ACTION,
  ADD CONSTRAINT `fk_commentaire_utilisateur1` FOREIGN KEY (`utilisateur_id`) REFERENCES `utilisateur` (`id`) ON DELETE NO ACTION ON UPDATE NO ACTION;

--
-- Contraintes pour la table `dispositif`
--
ALTER TABLE `dispositif`
  ADD CONSTRAINT `dispositif_ibfk_1` FOREIGN KEY (`structure_id`) REFERENCES `structure` (`id`) ON DELETE NO ACTION ON UPDATE NO ACTION,
  ADD CONSTRAINT `fk_dispositif_utilisateur1` FOREIGN KEY (`srod_utilisateur_id`) REFERENCES `utilisateur` (`id`) ON DELETE NO ACTION ON UPDATE NO ACTION;

--
-- Contraintes pour la table `evolution`
--
ALTER TABLE `evolution`
  ADD CONSTRAINT `dispositif_fk` FOREIGN KEY (`dispositif_id`) REFERENCES `dispositif` (`id`) ON DELETE NO ACTION ON UPDATE NO ACTION,
  ADD CONSTRAINT `fk_evolution_utilisateur1` FOREIGN KEY (`srod_utilisateur_id`) REFERENCES `utilisateur` (`id`) ON DELETE NO ACTION ON UPDATE NO ACTION,
  ADD CONSTRAINT `fk_evolution_utilisateur2` FOREIGN KEY (`dsi_utilisateur_id`) REFERENCES `utilisateur` (`id`) ON DELETE NO ACTION ON UPDATE NO ACTION,
  ADD CONSTRAINT `fk_evolution_utilisateur3` FOREIGN KEY (`bowi_utilisateur_id`) REFERENCES `utilisateur` (`id`) ON DELETE NO ACTION ON UPDATE NO ACTION;

--
-- Contraintes pour la table `evolution_statut`
--
ALTER TABLE `evolution_statut`
  ADD CONSTRAINT `fk_evolution_statut_evolution1` FOREIGN KEY (`evolution_id`) REFERENCES `evolution` (`id`) ON DELETE NO ACTION ON UPDATE NO ACTION,
  ADD CONSTRAINT `fk_evolution_statut_statut1` FOREIGN KEY (`statut_id`) REFERENCES `statut` (`id`) ON DELETE NO ACTION ON UPDATE NO ACTION,
  ADD CONSTRAINT `fk_evolution_statut_utilisateur1` FOREIGN KEY (`utilisateur_id`) REFERENCES `utilisateur` (`id`) ON DELETE NO ACTION ON UPDATE NO ACTION;

--
-- Contraintes pour la table `mail_reporting`
--
ALTER TABLE `mail_reporting`
  ADD CONSTRAINT `fk_copiea_id` FOREIGN KEY (`copie_a`) REFERENCES `utilisateur` (`id`) ON DELETE NO ACTION ON UPDATE NO ACTION,
  ADD CONSTRAINT `fk_destinaires_id` FOREIGN KEY (`destinataires`) REFERENCES `utilisateur` (`id`) ON DELETE NO ACTION ON UPDATE NO ACTION;

--
-- Contraintes pour la table `structure`
--
ALTER TABLE `structure`
  ADD CONSTRAINT `structure_ibfk_1` FOREIGN KEY (`structure_type_id`) REFERENCES `structure_type` (`id`) ON DELETE NO ACTION ON UPDATE NO ACTION,
  ADD CONSTRAINT `structure_ibfk_2` FOREIGN KEY (`pere_structure_id`) REFERENCES `structure` (`id`) ON DELETE CASCADE ON UPDATE CASCADE;

--
-- Contraintes pour la table `utilisateur`
--
ALTER TABLE `utilisateur`
  ADD CONSTRAINT `utilisateur_ibfk_1` FOREIGN KEY (`structure_id`) REFERENCES `structure` (`id`) ON DELETE NO ACTION ON UPDATE NO ACTION;
COMMIT;

/*!40101 SET CHARACTER_SET_CLIENT=@OLD_CHARACTER_SET_CLIENT */;
/*!40101 SET CHARACTER_SET_RESULTS=@OLD_CHARACTER_SET_RESULTS */;
/*!40101 SET COLLATION_CONNECTION=@OLD_COLLATION_CONNECTION */;
